timestamp_utc,learner_id,learner_role,resource_id,user_prompt_character_count,clarity_score,context_score,constraints_score,evaluation_score,primary_weakness,recommended_resource_id
2025-10-03T07:36:21.978781+00:00,L-022,learner,micro-tutor-04,1149,5,4,3,4.0,Constraints,tutorial-prompt-constraints
2025-10-03T08:34:51.029121+00:00,L-003,learner,micro-tutor-02,1198,4,5,4,4.33,Clarity,tutorial-clarity-basics
2025-10-03T09:32:50.466138+00:00,L-043,learner,micro-tutor-03,1447,4,5,1,3.33,Constraints,tutorial-prompt-constraints
2025-10-03T13:12:51.603650+00:00,L-005,learner,micro-tutor-05,1026,1,5,4,3.33,Clarity,tutorial-clarity-basics
2025-10-03T15:43:03.651228+00:00,L-024,learner,micro-tutor-02,558,2,4,3,3.0,Clarity,tutorial-clarity-basics
2025-10-03T17:51:58.501622+00:00,L-045,learner,micro-tutor-03,440,1,3,5,3.0,Clarity,tutorial-clarity-basics
2025-10-04T02:20:07.832988+00:00,L-036,learner,micro-tutor-02,1486,1,1,2,1.33,Clarity,tutorial-clarity-basics
2025-10-04T02:27:45.730143+00:00,L-010,learner,micro-tutor-05,1178,2,2,3,2.33,Clarity,tutorial-clarity-basics
2025-10-04T07:29:44.614394+00:00,L-013,learner,micro-tutor-04,858,5,3,1,3.0,Constraints,tutorial-prompt-constraints
2025-10-04T09:15:11.645981+00:00,L-043,learner,micro-tutor-03,633,2,3,1,2.0,Constraints,tutorial-prompt-constraints
2025-10-04T14:10:09.640448+00:00,L-046,learner,micro-tutor-02,1302,5,4,3,4.0,Constraints,tutorial-prompt-constraints
2025-10-04T18:47:07.091918+00:00,L-001,learner,micro-tutor-05,115,1,5,4,3.33,Clarity,tutorial-clarity-basics
2025-10-04T20:23:08.204404+00:00,L-032,learner,micro-tutor-04,1207,4,2,1,2.33,Constraints,tutorial-prompt-constraints
2025-10-04T21:04:42.094791+00:00,L-007,learner,micro-tutor-04,738,5,5,4,4.67,Constraints,tutorial-prompt-constraints
2025-10-04T21:57:02.972955+00:00,L-005,learner,micro-tutor-04,1044,2,3,4,3.0,Clarity,tutorial-clarity-basics
2025-10-05T01:29:19.895659+00:00,L-043,learner,micro-tutor-04,1445,5,4,1,3.33,Constraints,tutorial-prompt-constraints
2025-10-05T03:01:06.491362+00:00,L-006,learner,micro-tutor-01,1384,3,2,1,2.0,Constraints,tutorial-prompt-constraints
2025-10-05T05:30:06.357325+00:00,L-045,learner,micro-tutor-04,59,4,4,4,4.0,Clarity,tutorial-clarity-basics
2025-10-05T07:22:11.974092+00:00,L-023,learner,micro-tutor-04,644,4,3,2,3.0,Constraints,tutorial-prompt-constraints
2025-10-05T08:25:38.495969+00:00,L-010,learner,micro-tutor-02,298,3,4,4,3.67,Clarity,tutorial-clarity-basics
2025-10-05T14:00:35.925865+00:00,L-027,learner,micro-tutor-01,1418,5,1,1,2.33,Context,tutorial-grounding-techniques
2025-10-05T14:01:52.719861+00:00,L-026,learner,micro-tutor-02,1266,2,1,1,1.33,Context,tutorial-grounding-techniques
2025-10-05T16:21:20.022655+00:00,L-039,learner,micro-tutor-02,354,3,3,4,3.33,Clarity,tutorial-clarity-basics
2025-10-06T00:10:32.443985+00:00,L-042,learner,micro-tutor-03,962,4,3,2,3.0,Constraints,tutorial-prompt-constraints
2025-10-06T00:13:42.067458+00:00,L-022,learner,micro-tutor-04,772,2,2,5,3.0,Clarity,tutorial-clarity-basics
2025-10-06T01:18:15.414920+00:00,L-005,learner,micro-tutor-04,1001,2,2,5,3.0,Clarity,tutorial-clarity-basics
2025-10-06T03:45:50.220944+00:00,L-004,learner,micro-tutor-03,100,2,2,2,2.0,Clarity,tutorial-clarity-basics
2025-10-06T05:12:15.727240+00:00,L-041,learner,micro-tutor-01,52,3,3,1,2.33,Constraints,tutorial-prompt-constraints
2025-10-06T08:44:11.294613+00:00,L-021,learner,micro-tutor-03,216,5,1,1,2.33,Context,tutorial-grounding-techniques
2025-10-06T12:11:54.798669+00:00,L-042,learner,micro-tutor-04,1205,3,2,3,2.67,Context,tutorial-grounding-techniques
2025-10-06T21:03:42.895087+00:00,L-003,learner,micro-tutor-02,430,1,5,1,2.33,Clarity,tutorial-clarity-basics
2025-10-07T00:30:44.003882+00:00,L-014,learner,micro-tutor-01,353,1,3,5,3.0,Clarity,tutorial-clarity-basics
2025-10-07T02:44:10.696152+00:00,L-014,learner,micro-tutor-04,1189,1,3,2,2.0,Clarity,tutorial-clarity-basics
2025-10-07T02:50:51.213387+00:00,L-030,learner,micro-tutor-03,348,3,3,4,3.33,Clarity,tutorial-clarity-basics
2025-10-07T03:26:42.490326+00:00,L-019,learner,micro-tutor-02,326,4,4,2,3.33,Constraints,tutorial-prompt-constraints
2025-10-07T05:14:15.697112+00:00,L-026,learner,micro-tutor-05,613,2,4,3,3.0,Clarity,tutorial-clarity-basics
2025-10-07T07:40:27.245797+00:00,L-046,learner,micro-tutor-05,1097,4,2,1,2.33,Constraints,tutorial-prompt-constraints
2025-10-07T08:02:59.667303+00:00,L-032,learner,micro-tutor-05,975,3,4,4,3.67,Clarity,tutorial-clarity-basics
2025-10-07T08:57:32.189109+00:00,L-041,learner,micro-tutor-03,264,1,3,3,2.33,Clarity,tutorial-clarity-basics
2025-10-07T09:41:49.816434+00:00,L-017,learner,micro-tutor-04,637,1,1,3,1.67,Clarity,tutorial-clarity-basics
2025-10-07T10:58:03.371402+00:00,L-047,learner,micro-tutor-04,144,1,4,4,3.0,Clarity,tutorial-clarity-basics
2025-10-07T11:51:24.241547+00:00,L-033,learner,micro-tutor-03,1028,1,4,2,2.33,Clarity,tutorial-clarity-basics
2025-10-07T12:06:15.959765+00:00,L-036,learner,micro-tutor-02,871,2,5,1,2.67,Constraints,tutorial-prompt-constraints
2025-10-07T13:12:15.866597+00:00,L-009,learner,micro-tutor-03,946,5,5,4,4.67,Constraints,tutorial-prompt-constraints
2025-10-07T17:25:21.459740+00:00,L-011,learner,micro-tutor-03,1314,4,5,1,3.33,Constraints,tutorial-prompt-constraints
2025-10-07T17:26:24.883648+00:00,L-005,learner,micro-tutor-02,1156,3,3,3,3.0,Clarity,tutorial-clarity-basics
2025-10-07T18:25:44.609281+00:00,L-017,learner,micro-tutor-03,732,3,5,2,3.33,Constraints,tutorial-prompt-constraints
2025-10-07T19:33:46.667953+00:00,L-017,learner,micro-tutor-03,1089,5,1,3,3.0,Context,tutorial-grounding-techniques
2025-10-07T20:10:13.601593+00:00,L-015,learner,micro-tutor-03,1271,3,3,5,3.67,Clarity,tutorial-clarity-basics
2025-10-07T21:33:36.127332+00:00,L-008,learner,micro-tutor-01,1402,2,2,3,2.33,Clarity,tutorial-clarity-basics
2025-10-08T00:17:31.905245+00:00,L-024,learner,micro-tutor-05,721,4,4,5,4.33,Clarity,tutorial-clarity-basics
2025-10-08T00:29:15.066285+00:00,L-028,learner,micro-tutor-05,862,3,3,3,3.0,Clarity,tutorial-clarity-basics
2025-10-08T05:31:38.945076+00:00,L-015,learner,micro-tutor-02,1430,2,5,1,2.67,Constraints,tutorial-prompt-constraints
2025-10-08T09:59:49.901141+00:00,L-008,learner,micro-tutor-03,441,5,1,5,3.67,Context,tutorial-grounding-techniques
2025-10-08T12:01:54.142278+00:00,L-038,learner,micro-tutor-04,561,4,5,5,4.67,Clarity,tutorial-clarity-basics
2025-10-08T13:18:59.158880+00:00,L-029,learner,micro-tutor-04,321,3,3,1,2.33,Constraints,tutorial-prompt-constraints
2025-10-08T14:18:10.399599+00:00,L-036,learner,micro-tutor-04,623,4,1,2,2.33,Context,tutorial-grounding-techniques
2025-10-08T14:55:48.208712+00:00,L-029,learner,micro-tutor-02,268,4,3,3,3.33,Context,tutorial-grounding-techniques
2025-10-08T14:56:44.551543+00:00,L-004,learner,micro-tutor-01,736,3,5,5,4.33,Clarity,tutorial-clarity-basics
2025-10-08T15:54:18.815058+00:00,L-021,learner,micro-tutor-04,97,4,3,4,3.67,Context,tutorial-grounding-techniques
2025-10-08T16:26:14.569149+00:00,L-038,learner,micro-tutor-01,313,1,2,4,2.33,Clarity,tutorial-clarity-basics
2025-10-08T16:34:20.338321+00:00,L-043,learner,micro-tutor-03,1372,3,4,5,4.0,Clarity,tutorial-clarity-basics
2025-10-08T17:29:34.559855+00:00,L-042,learner,micro-tutor-02,187,5,3,3,3.67,Context,tutorial-grounding-techniques
2025-10-08T18:53:58.451695+00:00,L-014,learner,micro-tutor-03,931,4,5,5,4.67,Clarity,tutorial-clarity-basics
2025-10-08T19:06:46.382895+00:00,L-042,learner,micro-tutor-01,458,3,5,4,4.0,Clarity,tutorial-clarity-basics
2025-10-08T19:26:57.786132+00:00,L-033,learner,micro-tutor-02,611,2,3,2,2.33,Clarity,tutorial-clarity-basics
2025-10-08T20:14:54.562974+00:00,L-003,learner,micro-tutor-03,154,5,4,3,4.0,Constraints,tutorial-prompt-constraints
2025-10-08T21:27:17.791189+00:00,L-025,learner,micro-tutor-04,1051,1,2,5,2.67,Clarity,tutorial-clarity-basics
2025-10-08T23:55:17.841690+00:00,L-029,learner,micro-tutor-04,885,5,5,5,5.0,Clarity,tutorial-clarity-basics
2025-10-09T00:20:27.442900+00:00,L-042,learner,micro-tutor-05,536,3,3,3,3.0,Clarity,tutorial-clarity-basics
2025-10-09T00:22:11.886646+00:00,L-009,learner,micro-tutor-04,102,3,5,3,3.67,Clarity,tutorial-clarity-basics
2025-10-09T04:59:04.033624+00:00,L-004,learner,micro-tutor-04,1486,2,3,2,2.33,Clarity,tutorial-clarity-basics
2025-10-09T05:47:29.167635+00:00,L-021,learner,micro-tutor-03,1142,2,3,5,3.33,Clarity,tutorial-clarity-basics
2025-10-09T10:40:41.118515+00:00,L-012,learner,micro-tutor-02,1336,5,3,2,3.33,Constraints,tutorial-prompt-constraints
2025-10-09T12:12:58.830075+00:00,L-047,learner,micro-tutor-05,283,4,3,4,3.67,Context,tutorial-grounding-techniques
2025-10-09T13:02:58.059890+00:00,L-030,learner,micro-tutor-04,987,5,5,2,4.0,Constraints,tutorial-prompt-constraints
2025-10-09T13:52:12.248140+00:00,L-044,learner,micro-tutor-03,1247,5,5,4,4.67,Constraints,tutorial-prompt-constraints
2025-10-09T13:53:09.312732+00:00,L-013,learner,micro-tutor-03,1127,1,2,4,2.33,Clarity,tutorial-clarity-basics
2025-10-09T14:08:33.736143+00:00,L-045,learner,micro-tutor-02,314,2,3,3,2.67,Clarity,tutorial-clarity-basics
2025-10-09T14:34:53.043869+00:00,L-008,learner,micro-tutor-03,1028,2,1,3,2.0,Context,tutorial-grounding-techniques
2025-10-09T15:06:05.201309+00:00,L-049,learner,micro-tutor-05,1120,3,4,1,2.67,Constraints,tutorial-prompt-constraints
2025-10-09T15:34:33.640104+00:00,L-015,learner,micro-tutor-01,770,3,5,3,3.67,Clarity,tutorial-clarity-basics
2025-10-09T19:31:53.431408+00:00,L-014,learner,micro-tutor-01,1455,4,4,4,4.0,Clarity,tutorial-clarity-basics
2025-10-09T20:58:27.040816+00:00,L-048,learner,micro-tutor-05,312,2,5,2,3.0,Clarity,tutorial-clarity-basics
2025-10-09T23:17:56.294211+00:00,L-013,learner,micro-tutor-04,1265,4,3,5,4.0,Context,tutorial-grounding-techniques
2025-10-10T00:10:54.750964+00:00,L-048,learner,micro-tutor-01,888,2,4,2,2.67,Clarity,tutorial-clarity-basics
2025-10-10T03:12:39.701501+00:00,L-020,learner,micro-tutor-02,459,5,3,4,4.0,Context,tutorial-grounding-techniques
2025-10-10T04:45:22.113749+00:00,L-031,learner,micro-tutor-05,691,5,1,2,2.67,Context,tutorial-grounding-techniques
2025-10-10T09:38:22.204855+00:00,L-008,learner,micro-tutor-02,558,5,3,1,3.0,Constraints,tutorial-prompt-constraints
2025-10-10T11:28:01.572445+00:00,L-032,learner,micro-tutor-02,1393,4,1,3,2.67,Context,tutorial-grounding-techniques
2025-10-10T15:55:48.345583+00:00,L-021,learner,micro-tutor-05,201,4,4,5,4.33,Clarity,tutorial-clarity-basics
2025-10-10T19:11:33.670469+00:00,L-023,learner,micro-tutor-04,639,3,5,3,3.67,Clarity,tutorial-clarity-basics
2025-10-11T02:08:30.757708+00:00,L-040,learner,micro-tutor-05,710,1,3,3,2.33,Clarity,tutorial-clarity-basics
2025-10-11T02:13:50.570302+00:00,L-034,learner,micro-tutor-01,662,1,3,3,2.33,Clarity,tutorial-clarity-basics
2025-10-11T02:43:54.097779+00:00,L-038,learner,micro-tutor-02,505,1,1,1,1.0,Clarity,tutorial-clarity-basics
2025-10-11T04:34:59.927825+00:00,L-001,learner,micro-tutor-01,507,1,3,2,2.0,Clarity,tutorial-clarity-basics
2025-10-11T04:47:27.928453+00:00,L-021,learner,micro-tutor-01,755,4,4,5,4.33,Clarity,tutorial-clarity-basics
2025-10-11T09:33:54.847051+00:00,L-043,learner,micro-tutor-03,516,3,4,1,2.67,Constraints,tutorial-prompt-constraints
2025-10-11T10:49:16.672141+00:00,L-013,learner,micro-tutor-03,204,3,1,4,2.67,Context,tutorial-grounding-techniques
2025-10-11T11:53:01.320900+00:00,L-003,learner,micro-tutor-02,860,3,2,3,2.67,Context,tutorial-grounding-techniques
2025-10-11T11:57:16.405159+00:00,L-048,learner,micro-tutor-01,1082,4,4,5,4.33,Clarity,tutorial-clarity-basics
2025-10-11T13:23:50.544298+00:00,L-031,learner,micro-tutor-02,641,5,2,4,3.67,Context,tutorial-grounding-techniques
2025-10-11T14:20:28.978503+00:00,L-043,learner,micro-tutor-02,876,1,3,5,3.0,Clarity,tutorial-clarity-basics
2025-10-12T00:07:58.361526+00:00,L-009,learner,micro-tutor-04,1376,1,5,2,2.67,Clarity,tutorial-clarity-basics
2025-10-12T01:21:46.993624+00:00,L-027,learner,micro-tutor-04,1498,2,2,1,1.67,Constraints,tutorial-prompt-constraints
2025-10-12T01:24:04.948442+00:00,L-023,learner,micro-tutor-02,907,1,4,3,2.67,Clarity,tutorial-clarity-basics
2025-10-12T02:38:13.423254+00:00,L-007,learner,micro-tutor-01,1498,4,3,4,3.67,Context,tutorial-grounding-techniques
2025-10-12T04:29:48.385317+00:00,L-026,learner,micro-tutor-04,886,5,3,4,4.0,Context,tutorial-grounding-techniques
2025-10-12T07:39:41.403647+00:00,L-036,learner,micro-tutor-05,552,4,2,5,3.67,Context,tutorial-grounding-techniques
2025-10-12T17:21:30.024689+00:00,L-021,learner,micro-tutor-01,387,5,2,3,3.33,Context,tutorial-grounding-techniques
2025-10-13T01:01:54.834013+00:00,L-001,learner,micro-tutor-01,551,5,2,5,4.0,Context,tutorial-grounding-techniques
2025-10-13T12:33:08.997314+00:00,L-050,learner,micro-tutor-02,246,3,5,1,3.0,Constraints,tutorial-prompt-constraints
2025-10-13T18:45:37.159275+00:00,L-016,learner,micro-tutor-03,931,1,1,4,2.0,Clarity,tutorial-clarity-basics
2025-10-13T20:21:22.834446+00:00,L-022,learner,micro-tutor-05,1033,2,1,5,2.67,Context,tutorial-grounding-techniques
2025-10-13T22:17:26.985511+00:00,L-004,learner,micro-tutor-02,100,2,2,4,2.67,Clarity,tutorial-clarity-basics
2025-10-14T02:24:39.089548+00:00,L-008,learner,micro-tutor-02,1463,3,1,5,3.0,Context,tutorial-grounding-techniques
2025-10-14T03:04:27.611886+00:00,L-039,learner,micro-tutor-02,405,5,4,3,4.0,Constraints,tutorial-prompt-constraints
2025-10-14T05:38:10.302403+00:00,L-002,learner,micro-tutor-05,883,4,2,4,3.33,Context,tutorial-grounding-techniques
2025-10-14T09:00:28.094268+00:00,L-031,learner,micro-tutor-03,1149,1,5,1,2.33,Clarity,tutorial-clarity-basics
2025-10-14T13:49:51.882961+00:00,L-034,learner,micro-tutor-03,1093,2,5,5,4.0,Clarity,tutorial-clarity-basics
2025-10-14T17:52:39.026198+00:00,L-050,learner,micro-tutor-02,1285,3,5,5,4.33,Clarity,tutorial-clarity-basics
2025-10-14T19:51:31.119639+00:00,L-016,learner,micro-tutor-01,1094,5,1,5,3.67,Context,tutorial-grounding-techniques
2025-10-15T00:13:06.469345+00:00,L-010,learner,micro-tutor-02,835,4,5,2,3.67,Constraints,tutorial-prompt-constraints
2025-10-15T03:57:45.457899+00:00,L-002,learner,micro-tutor-05,1297,1,3,5,3.0,Clarity,tutorial-clarity-basics
2025-10-15T04:02:46.366467+00:00,L-043,learner,micro-tutor-01,1493,4,1,3,2.67,Context,tutorial-grounding-techniques
2025-10-15T06:38:49.456951+00:00,L-021,learner,micro-tutor-03,563,5,3,1,3.0,Constraints,tutorial-prompt-constraints
2025-10-15T08:04:05.935495+00:00,L-036,learner,micro-tutor-03,262,1,4,3,2.67,Clarity,tutorial-clarity-basics
2025-10-15T10:05:10.114228+00:00,L-013,learner,micro-tutor-02,1185,5,2,1,2.67,Constraints,tutorial-prompt-constraints
2025-10-15T11:33:58.503800+00:00,L-044,learner,micro-tutor-03,610,1,1,4,2.0,Clarity,tutorial-clarity-basics
2025-10-15T12:42:02.521817+00:00,L-012,learner,micro-tutor-01,409,3,3,4,3.33,Clarity,tutorial-clarity-basics
2025-10-15T13:54:16.687511+00:00,L-001,learner,micro-tutor-02,1199,5,5,1,3.67,Constraints,tutorial-prompt-constraints
2025-10-15T14:04:51.687640+00:00,L-033,learner,micro-tutor-02,52,4,1,1,2.0,Context,tutorial-grounding-techniques
2025-10-15T14:30:13.855679+00:00,L-023,learner,micro-tutor-03,488,4,3,4,3.67,Context,tutorial-grounding-techniques
2025-10-15T17:02:14.213959+00:00,L-010,learner,micro-tutor-03,155,5,4,4,4.33,Context,tutorial-grounding-techniques
2025-10-15T20:11:19.773457+00:00,L-003,learner,micro-tutor-03,752,3,5,2,3.33,Constraints,tutorial-prompt-constraints
2025-10-16T02:13:25.849117+00:00,L-001,learner,micro-tutor-02,368,4,3,3,3.33,Context,tutorial-grounding-techniques
2025-10-16T05:32:03.961322+00:00,L-039,learner,micro-tutor-03,1272,2,1,3,2.0,Context,tutorial-grounding-techniques
2025-10-16T09:45:20.447061+00:00,L-042,learner,micro-tutor-01,1257,3,5,4,4.0,Clarity,tutorial-clarity-basics
2025-10-16T10:54:53.511413+00:00,L-001,learner,micro-tutor-03,164,5,2,3,3.33,Context,tutorial-grounding-techniques
2025-10-16T11:36:18.126479+00:00,L-043,learner,micro-tutor-02,1375,5,2,2,3.0,Context,tutorial-grounding-techniques
2025-10-16T14:46:20.128125+00:00,L-047,learner,micro-tutor-03,1207,1,5,5,3.67,Clarity,tutorial-clarity-basics
2025-10-16T16:58:18.825133+00:00,L-029,learner,micro-tutor-05,945,3,1,1,1.67,Context,tutorial-grounding-techniques
2025-10-16T18:35:49.284616+00:00,L-040,learner,micro-tutor-01,1302,2,5,3,3.33,Clarity,tutorial-clarity-basics
2025-10-16T22:24:30.841259+00:00,L-018,learner,micro-tutor-04,815,1,4,5,3.33,Clarity,tutorial-clarity-basics
2025-10-17T01:16:33.126031+00:00,L-026,learner,micro-tutor-01,948,2,1,4,2.33,Context,tutorial-grounding-techniques
2025-10-17T04:32:10.464132+00:00,L-031,learner,micro-tutor-02,996,3,5,4,4.0,Clarity,tutorial-clarity-basics
2025-10-17T13:29:37.201577+00:00,L-011,learner,micro-tutor-05,343,2,4,5,3.67,Clarity,tutorial-clarity-basics
2025-10-17T13:44:25.247309+00:00,L-010,learner,micro-tutor-04,1478,4,3,2,3.0,Constraints,tutorial-prompt-constraints
2025-10-17T15:13:56.007596+00:00,L-002,learner,micro-tutor-03,297,4,5,4,4.33,Clarity,tutorial-clarity-basics
2025-10-17T16:26:41.793363+00:00,L-021,learner,micro-tutor-02,970,4,1,3,2.67,Context,tutorial-grounding-techniques
2025-10-17T16:39:48.285103+00:00,L-006,learner,micro-tutor-02,362,2,1,5,2.67,Context,tutorial-grounding-techniques
2025-10-17T17:23:44.796072+00:00,L-018,learner,micro-tutor-05,1143,3,4,2,3.0,Constraints,tutorial-prompt-constraints
2025-10-17T18:38:46.728933+00:00,L-036,learner,micro-tutor-02,1325,3,5,3,3.67,Clarity,tutorial-clarity-basics
2025-10-17T19:14:26.439847+00:00,L-021,learner,micro-tutor-01,906,3,4,5,4.0,Clarity,tutorial-clarity-basics
2025-10-17T20:54:26.741394+00:00,L-002,learner,micro-tutor-01,273,1,4,3,2.67,Clarity,tutorial-clarity-basics
2025-10-17T22:19:51.963777+00:00,L-008,learner,micro-tutor-03,677,3,4,3,3.33,Clarity,tutorial-clarity-basics
2025-10-17T22:31:59.692287+00:00,L-018,learner,micro-tutor-03,147,2,3,1,2.0,Constraints,tutorial-prompt-constraints
2025-10-17T22:33:48.794793+00:00,L-011,learner,micro-tutor-03,348,3,3,4,3.33,Clarity,tutorial-clarity-basics
2025-10-17T23:19:35.395155+00:00,L-021,learner,micro-tutor-04,1039,5,3,3,3.67,Context,tutorial-grounding-techniques
2025-10-17T23:25:43.641597+00:00,L-002,learner,micro-tutor-01,168,3,3,2,2.67,Constraints,tutorial-prompt-constraints
2025-10-17T23:35:30.949635+00:00,L-009,learner,micro-tutor-05,694,1,4,1,2.0,Clarity,tutorial-clarity-basics
2025-10-17T23:47:12.349632+00:00,L-035,learner,micro-tutor-01,168,3,4,2,3.0,Constraints,tutorial-prompt-constraints
2025-10-18T01:03:51.648875+00:00,L-036,learner,micro-tutor-01,709,5,4,2,3.67,Constraints,tutorial-prompt-constraints
2025-10-18T01:23:26.161034+00:00,L-030,learner,micro-tutor-04,545,4,2,3,3.0,Context,tutorial-grounding-techniques
2025-10-18T01:28:38.733064+00:00,L-028,learner,micro-tutor-02,354,1,1,5,2.33,Clarity,tutorial-clarity-basics
2025-10-18T02:18:23.127408+00:00,L-035,learner,micro-tutor-01,280,2,4,4,3.33,Clarity,tutorial-clarity-basics
2025-10-18T03:03:45.098366+00:00,L-019,learner,micro-tutor-03,756,1,3,1,1.67,Clarity,tutorial-clarity-basics
2025-10-18T06:49:40.569208+00:00,L-016,learner,micro-tutor-03,349,2,2,1,1.67,Constraints,tutorial-prompt-constraints
2025-10-18T09:09:27.445461+00:00,L-024,learner,micro-tutor-01,1377,3,2,4,3.0,Context,tutorial-grounding-techniques
2025-10-18T10:54:49.783159+00:00,L-035,learner,micro-tutor-01,78,1,5,1,2.33,Clarity,tutorial-clarity-basics
2025-10-18T11:47:13.615248+00:00,L-044,learner,micro-tutor-03,990,4,4,3,3.67,Constraints,tutorial-prompt-constraints
2025-10-18T13:32:16.431410+00:00,L-032,learner,micro-tutor-01,971,2,3,1,2.0,Constraints,tutorial-prompt-constraints
2025-10-18T14:05:44.104337+00:00,L-002,learner,micro-tutor-04,1133,4,5,4,4.33,Clarity,tutorial-clarity-basics
2025-10-18T14:20:19.629329+00:00,L-006,learner,micro-tutor-01,1482,5,2,4,3.67,Context,tutorial-grounding-techniques
2025-10-18T19:29:50.224727+00:00,L-012,learner,micro-tutor-03,386,5,5,3,4.33,Constraints,tutorial-prompt-constraints
2025-10-18T20:14:29.865161+00:00,L-019,learner,micro-tutor-03,1019,5,4,5,4.67,Context,tutorial-grounding-techniques
2025-10-18T22:54:29.598229+00:00,L-041,learner,micro-tutor-02,73,1,3,4,2.67,Clarity,tutorial-clarity-basics
2025-10-18T23:05:36.018524+00:00,L-030,learner,micro-tutor-03,251,4,1,1,2.0,Context,tutorial-grounding-techniques
2025-10-19T02:30:45.256417+00:00,L-003,learner,micro-tutor-01,1086,1,5,2,2.67,Clarity,tutorial-clarity-basics
2025-10-19T08:44:52.937819+00:00,L-001,learner,micro-tutor-05,1256,4,2,4,3.33,Context,tutorial-grounding-techniques
2025-10-19T09:49:03.639953+00:00,L-034,learner,micro-tutor-03,557,4,3,2,3.0,Constraints,tutorial-prompt-constraints
2025-10-19T11:37:58.574694+00:00,L-004,learner,micro-tutor-02,722,1,2,4,2.33,Clarity,tutorial-clarity-basics
2025-10-19T12:27:38.107889+00:00,L-013,learner,micro-tutor-02,55,3,2,5,3.33,Context,tutorial-grounding-techniques
2025-10-19T13:24:00.048800+00:00,L-046,learner,micro-tutor-02,984,1,4,4,3.0,Clarity,tutorial-clarity-basics
2025-10-19T16:31:40.177791+00:00,L-027,learner,micro-tutor-03,155,1,5,2,2.67,Clarity,tutorial-clarity-basics
2025-10-19T18:07:01.336304+00:00,L-002,learner,micro-tutor-05,425,4,2,4,3.33,Context,tutorial-grounding-techniques
2025-10-19T18:53:01.192545+00:00,L-045,learner,micro-tutor-04,291,1,5,5,3.67,Clarity,tutorial-clarity-basics
2025-10-19T19:05:42.584128+00:00,L-008,learner,micro-tutor-04,1272,3,5,5,4.33,Clarity,tutorial-clarity-basics
2025-10-19T19:10:45.785424+00:00,L-034,learner,micro-tutor-02,1294,5,5,5,5.0,Clarity,tutorial-clarity-basics
2025-10-19T19:55:52.227538+00:00,L-015,learner,micro-tutor-04,898,4,5,4,4.33,Clarity,tutorial-clarity-basics
2025-10-19T20:33:14.462809+00:00,L-023,learner,micro-tutor-03,554,5,4,2,3.67,Constraints,tutorial-prompt-constraints
2025-10-20T01:51:19.265622+00:00,L-030,learner,micro-tutor-04,820,5,2,3,3.33,Context,tutorial-grounding-techniques
2025-10-20T07:33:43.352565+00:00,L-009,learner,micro-tutor-03,1497,1,2,3,2.0,Clarity,tutorial-clarity-basics
2025-10-20T09:11:28.671713+00:00,L-008,learner,micro-tutor-02,1183,3,1,1,1.67,Context,tutorial-grounding-techniques
2025-10-20T10:40:33.422460+00:00,L-019,learner,micro-tutor-01,1167,4,5,2,3.67,Constraints,tutorial-prompt-constraints
2025-10-20T16:15:10.194123+00:00,L-032,learner,micro-tutor-03,1151,1,3,2,2.0,Clarity,tutorial-clarity-basics
2025-10-20T17:39:29.508048+00:00,L-044,learner,micro-tutor-03,628,5,5,5,5.0,Clarity,tutorial-clarity-basics
2025-10-20T20:29:14.313566+00:00,L-031,learner,micro-tutor-01,187,4,4,3,3.67,Constraints,tutorial-prompt-constraints
2025-10-20T20:43:19.777230+00:00,L-011,learner,micro-tutor-02,1227,4,5,3,4.0,Constraints,tutorial-prompt-constraints
2025-10-20T22:13:58.901385+00:00,L-026,learner,micro-tutor-02,511,5,4,2,3.67,Constraints,tutorial-prompt-constraints
2025-10-20T23:40:25.138139+00:00,L-026,learner,micro-tutor-03,535,5,5,3,4.33,Constraints,tutorial-prompt-constraints
2025-10-20T23:55:00.788465+00:00,L-045,learner,micro-tutor-05,143,3,2,1,2.0,Constraints,tutorial-prompt-constraints
2025-10-21T00:06:23.836381+00:00,L-044,learner,micro-tutor-05,420,3,2,5,3.33,Context,tutorial-grounding-techniques
2025-10-21T06:08:51.933809+00:00,L-011,learner,micro-tutor-02,1253,1,4,3,2.67,Clarity,tutorial-clarity-basics
2025-10-21T07:40:41.762634+00:00,L-004,learner,micro-tutor-04,766,2,2,4,2.67,Clarity,tutorial-clarity-basics
2025-10-21T12:11:21.052174+00:00,L-027,learner,micro-tutor-01,809,4,3,2,3.0,Constraints,tutorial-prompt-constraints
2025-10-21T12:27:47.038135+00:00,L-009,learner,micro-tutor-03,1460,4,1,4,3.0,Context,tutorial-grounding-techniques
2025-10-21T12:27:54.927032+00:00,L-040,learner,micro-tutor-03,824,2,5,2,3.0,Clarity,tutorial-clarity-basics
2025-10-21T14:26:05.948846+00:00,L-046,learner,micro-tutor-02,1436,1,3,3,2.33,Clarity,tutorial-clarity-basics
2025-10-21T14:30:21.822128+00:00,L-030,learner,micro-tutor-04,328,3,4,5,4.0,Clarity,tutorial-clarity-basics
2025-10-21T14:37:46.486589+00:00,L-008,learner,micro-tutor-02,417,3,2,3,2.67,Context,tutorial-grounding-techniques
2025-10-21T16:08:16.311653+00:00,L-013,learner,micro-tutor-04,126,1,2,1,1.33,Clarity,tutorial-clarity-basics
2025-10-21T18:25:01.332561+00:00,L-042,learner,micro-tutor-02,286,3,1,4,2.67,Context,tutorial-grounding-techniques
2025-10-21T19:13:51.499150+00:00,L-014,learner,micro-tutor-04,924,4,1,3,2.67,Context,tutorial-grounding-techniques
2025-10-21T19:57:07.777627+00:00,L-037,learner,micro-tutor-03,1455,1,1,2,1.33,Clarity,tutorial-clarity-basics
2025-10-21T21:39:41.982447+00:00,L-021,learner,micro-tutor-04,344,2,3,5,3.33,Clarity,tutorial-clarity-basics
2025-10-21T22:43:23.386019+00:00,L-021,learner,micro-tutor-05,184,2,5,1,2.67,Constraints,tutorial-prompt-constraints
2025-10-22T01:53:01.196313+00:00,L-022,learner,micro-tutor-03,1245,3,1,4,2.67,Context,tutorial-grounding-techniques
2025-10-22T03:24:38.305863+00:00,L-002,learner,micro-tutor-02,1276,5,5,1,3.67,Constraints,tutorial-prompt-constraints
2025-10-22T05:03:34.578945+00:00,L-011,learner,micro-tutor-04,144,2,3,1,2.0,Constraints,tutorial-prompt-constraints
2025-10-22T05:15:12.997471+00:00,L-035,learner,micro-tutor-01,162,4,5,5,4.67,Clarity,tutorial-clarity-basics
2025-10-22T06:14:27.543309+00:00,L-050,learner,micro-tutor-01,1453,4,4,4,4.0,Clarity,tutorial-clarity-basics
2025-10-22T08:29:30.565162+00:00,L-013,learner,micro-tutor-02,1255,1,3,2,2.0,Clarity,tutorial-clarity-basics
2025-10-22T14:11:42.878680+00:00,L-044,learner,micro-tutor-04,1361,1,3,3,2.33,Clarity,tutorial-clarity-basics
2025-10-22T18:25:13.880552+00:00,L-019,learner,micro-tutor-02,1392,3,3,1,2.33,Constraints,tutorial-prompt-constraints
2025-10-22T19:41:22.019111+00:00,L-009,learner,micro-tutor-04,886,1,4,3,2.67,Clarity,tutorial-clarity-basics
2025-10-22T21:20:28.359166+00:00,L-044,learner,micro-tutor-02,1048,3,2,1,2.0,Constraints,tutorial-prompt-constraints
2025-10-22T21:39:26.045355+00:00,L-016,learner,micro-tutor-01,503,4,3,3,3.33,Context,tutorial-grounding-techniques
2025-10-23T00:45:08.948860+00:00,L-027,learner,micro-tutor-05,451,4,3,2,3.0,Constraints,tutorial-prompt-constraints
2025-10-23T03:21:05.140407+00:00,L-025,learner,micro-tutor-02,386,5,5,2,4.0,Constraints,tutorial-prompt-constraints
2025-10-23T06:30:32.260499+00:00,L-022,learner,micro-tutor-04,336,2,5,5,4.0,Clarity,tutorial-clarity-basics
2025-10-23T06:55:53.188019+00:00,L-019,learner,micro-tutor-03,841,4,4,4,4.0,Clarity,tutorial-clarity-basics
2025-10-23T10:21:35.950609+00:00,L-025,learner,micro-tutor-02,917,5,1,1,2.33,Context,tutorial-grounding-techniques
2025-10-23T10:24:58.036756+00:00,L-010,learner,micro-tutor-02,756,4,5,4,4.33,Clarity,tutorial-clarity-basics
2025-10-23T12:27:19.958544+00:00,L-002,learner,micro-tutor-01,1362,1,5,3,3.0,Clarity,tutorial-clarity-basics
2025-10-23T19:49:24.566656+00:00,L-010,learner,micro-tutor-05,899,2,1,3,2.0,Context,tutorial-grounding-techniques
2025-10-23T20:54:28.135092+00:00,L-041,learner,micro-tutor-04,240,2,1,5,2.67,Context,tutorial-grounding-techniques
2025-10-23T22:49:30.203620+00:00,L-050,learner,micro-tutor-04,238,5,5,4,4.67,Constraints,tutorial-prompt-constraints
2025-10-23T22:57:23.992709+00:00,L-041,learner,micro-tutor-04,537,2,3,1,2.0,Constraints,tutorial-prompt-constraints
2025-10-23T23:42:36.869315+00:00,L-007,learner,micro-tutor-02,579,4,2,3,3.0,Context,tutorial-grounding-techniques
2025-10-23T23:59:43.719452+00:00,L-015,learner,micro-tutor-01,745,2,3,3,2.67,Clarity,tutorial-clarity-basics
2025-10-24T02:57:59.637605+00:00,L-008,learner,micro-tutor-05,1137,3,4,5,4.0,Clarity,tutorial-clarity-basics
2025-10-24T03:29:13.625710+00:00,L-007,learner,micro-tutor-03,134,5,1,5,3.67,Context,tutorial-grounding-techniques
2025-10-24T07:21:20.687994+00:00,L-041,learner,micro-tutor-04,825,2,4,4,3.33,Clarity,tutorial-clarity-basics
2025-10-24T07:33:13.561407+00:00,L-019,learner,micro-tutor-01,140,5,3,2,3.33,Constraints,tutorial-prompt-constraints
2025-10-24T09:13:37.616330+00:00,L-001,learner,micro-tutor-03,808,4,3,2,3.0,Constraints,tutorial-prompt-constraints
2025-10-24T12:20:02.252394+00:00,L-015,learner,micro-tutor-02,271,2,4,2,2.67,Clarity,tutorial-clarity-basics
2025-10-24T13:57:13.555258+00:00,L-029,learner,micro-tutor-01,517,3,4,4,3.67,Clarity,tutorial-clarity-basics
2025-10-24T15:07:58.995392+00:00,L-050,learner,micro-tutor-05,1176,3,4,5,4.0,Clarity,tutorial-clarity-basics
2025-10-24T16:37:14.622354+00:00,L-017,learner,micro-tutor-01,87,4,5,3,4.0,Constraints,tutorial-prompt-constraints
2025-10-24T16:54:53.851660+00:00,L-030,learner,micro-tutor-03,207,4,3,4,3.67,Context,tutorial-grounding-techniques
2025-10-24T18:06:05.938371+00:00,L-012,learner,micro-tutor-01,1236,3,4,1,2.67,Constraints,tutorial-prompt-constraints
2025-10-24T23:04:45.433993+00:00,L-042,learner,micro-tutor-05,161,5,4,2,3.67,Constraints,tutorial-prompt-constraints
2025-10-25T00:41:07.580736+00:00,L-036,learner,micro-tutor-05,1096,1,4,4,3.0,Clarity,tutorial-clarity-basics
2025-10-25T05:22:09.110938+00:00,L-020,learner,micro-tutor-01,1371,2,1,2,1.67,Context,tutorial-grounding-techniques
2025-10-25T05:27:05.541802+00:00,L-022,learner,micro-tutor-04,875,2,3,3,2.67,Clarity,tutorial-clarity-basics
2025-10-25T09:11:39.436093+00:00,L-036,learner,micro-tutor-03,391,5,5,3,4.33,Constraints,tutorial-prompt-constraints
2025-10-25T12:18:03.116695+00:00,L-017,learner,micro-tutor-01,1273,3,5,2,3.33,Constraints,tutorial-prompt-constraints
2025-10-25T12:50:59.946098+00:00,L-023,learner,micro-tutor-02,1126,5,3,4,4.0,Context,tutorial-grounding-techniques
2025-10-25T12:58:15.548926+00:00,L-046,learner,micro-tutor-03,240,4,5,3,4.0,Constraints,tutorial-prompt-constraints
2025-10-25T13:37:23.612430+00:00,L-013,learner,micro-tutor-05,1463,4,3,1,2.67,Constraints,tutorial-prompt-constraints
2025-10-25T13:40:05.481859+00:00,L-022,learner,micro-tutor-05,856,1,2,1,1.33,Clarity,tutorial-clarity-basics
2025-10-25T16:21:23.731200+00:00,L-013,learner,micro-tutor-04,1454,2,3,1,2.0,Constraints,tutorial-prompt-constraints
2025-10-25T17:13:34.116117+00:00,L-030,learner,micro-tutor-02,1453,5,5,2,4.0,Constraints,tutorial-prompt-constraints
2025-10-26T00:28:54.753581+00:00,L-026,learner,micro-tutor-04,823,3,4,4,3.67,Clarity,tutorial-clarity-basics
2025-10-26T03:46:48.993895+00:00,L-008,learner,micro-tutor-05,1120,5,5,2,4.0,Constraints,tutorial-prompt-constraints
2025-10-26T07:24:29.813368+00:00,L-045,learner,micro-tutor-01,959,1,1,4,2.0,Clarity,tutorial-clarity-basics
2025-10-26T07:29:57.789180+00:00,L-027,learner,micro-tutor-04,629,2,5,3,3.33,Clarity,tutorial-clarity-basics
2025-10-26T09:10:44.669746+00:00,L-042,learner,micro-tutor-03,590,5,3,4,4.0,Context,tutorial-grounding-techniques
2025-10-26T09:41:58.135592+00:00,L-042,learner,micro-tutor-05,211,2,4,3,3.0,Clarity,tutorial-clarity-basics
2025-10-26T10:11:34.418749+00:00,L-025,learner,micro-tutor-01,94,5,4,3,4.0,Constraints,tutorial-prompt-constraints
2025-10-26T10:11:47.270496+00:00,L-029,learner,micro-tutor-02,365,1,1,3,1.67,Clarity,tutorial-clarity-basics
2025-10-26T10:33:28.253519+00:00,L-026,learner,micro-tutor-02,1150,3,1,2,2.0,Context,tutorial-grounding-techniques
2025-10-26T10:34:55.995918+00:00,L-032,learner,micro-tutor-02,1434,2,3,2,2.33,Clarity,tutorial-clarity-basics
2025-10-26T11:50:32.494580+00:00,L-013,learner,micro-tutor-01,1247,4,3,3,3.33,Context,tutorial-grounding-techniques
2025-10-26T13:04:30.295033+00:00,L-013,learner,micro-tutor-01,327,1,2,5,2.67,Clarity,tutorial-clarity-basics
2025-10-26T21:01:08.894454+00:00,L-031,learner,micro-tutor-01,1096,2,3,2,2.33,Clarity,tutorial-clarity-basics
2025-10-26T21:46:18.989328+00:00,L-033,learner,micro-tutor-03,156,1,3,2,2.0,Clarity,tutorial-clarity-basics
2025-10-26T22:10:28.498463+00:00,L-047,learner,micro-tutor-03,260,1,4,1,2.0,Clarity,tutorial-clarity-basics
2025-10-27T06:55:00.751669+00:00,L-015,learner,micro-tutor-04,501,5,3,1,3.0,Constraints,tutorial-prompt-constraints
2025-10-27T09:36:57.501638+00:00,L-026,learner,micro-tutor-01,637,1,4,1,2.0,Clarity,tutorial-clarity-basics
2025-10-27T16:12:05.348349+00:00,L-017,learner,micro-tutor-02,139,5,2,4,3.67,Context,tutorial-grounding-techniques
2025-10-27T16:16:51.311159+00:00,L-044,learner,micro-tutor-05,661,1,4,5,3.33,Clarity,tutorial-clarity-basics
2025-10-27T17:49:22.713375+00:00,L-009,learner,micro-tutor-04,996,5,1,5,3.67,Context,tutorial-grounding-techniques
2025-10-27T18:06:34.701569+00:00,L-042,learner,micro-tutor-05,280,5,5,4,4.67,Constraints,tutorial-prompt-constraints
2025-10-27T18:42:32.306860+00:00,L-043,learner,micro-tutor-05,614,4,1,2,2.33,Context,tutorial-grounding-techniques
2025-10-27T20:11:34.568932+00:00,L-026,learner,micro-tutor-03,1402,2,1,1,1.33,Context,tutorial-grounding-techniques
2025-10-27T21:35:22.794180+00:00,L-016,learner,micro-tutor-05,1361,4,5,4,4.33,Clarity,tutorial-clarity-basics
2025-10-28T00:04:17.054309+00:00,L-023,learner,micro-tutor-05,408,2,5,1,2.67,Constraints,tutorial-prompt-constraints
2025-10-28T01:22:25.478687+00:00,L-005,learner,micro-tutor-02,181,4,2,2,2.67,Context,tutorial-grounding-techniques
2025-10-28T01:27:16.130402+00:00,L-042,learner,micro-tutor-01,439,1,3,2,2.0,Clarity,tutorial-clarity-basics
2025-10-28T01:48:08.403021+00:00,L-008,learner,micro-tutor-02,55,5,1,2,2.67,Context,tutorial-grounding-techniques
2025-10-28T02:08:24.574241+00:00,L-002,learner,micro-tutor-01,1443,1,2,2,1.67,Clarity,tutorial-clarity-basics
2025-10-28T04:19:11.859332+00:00,L-014,learner,micro-tutor-05,517,2,4,4,3.33,Clarity,tutorial-clarity-basics
2025-10-28T09:27:37.099821+00:00,L-044,learner,micro-tutor-01,678,2,3,2,2.33,Clarity,tutorial-clarity-basics
2025-10-28T10:39:34.297162+00:00,L-025,learner,micro-tutor-04,1101,1,4,2,2.33,Clarity,tutorial-clarity-basics
2025-10-28T11:09:50.100630+00:00,L-004,learner,micro-tutor-04,442,3,5,2,3.33,Constraints,tutorial-prompt-constraints
2025-10-28T16:58:01.348753+00:00,L-048,learner,micro-tutor-05,837,5,3,5,4.33,Context,tutorial-grounding-techniques
2025-10-28T19:00:47.619433+00:00,L-039,learner,micro-tutor-01,331,1,3,4,2.67,Clarity,tutorial-clarity-basics
2025-10-28T19:11:59.577884+00:00,L-038,learner,micro-tutor-04,1449,4,1,4,3.0,Context,tutorial-grounding-techniques
2025-10-28T21:15:57.858855+00:00,L-045,learner,micro-tutor-04,741,5,5,5,5.0,Clarity,tutorial-clarity-basics
2025-10-28T23:03:04.548158+00:00,L-037,learner,micro-tutor-04,177,1,5,5,3.67,Clarity,tutorial-clarity-basics
2025-10-29T01:55:44.904274+00:00,L-005,learner,micro-tutor-05,1366,5,1,1,2.33,Context,tutorial-grounding-techniques
2025-10-29T02:22:15.389906+00:00,L-005,learner,micro-tutor-05,1083,3,4,5,4.0,Clarity,tutorial-clarity-basics
2025-10-29T08:05:44.278023+00:00,L-045,learner,micro-tutor-02,1308,4,1,2,2.33,Context,tutorial-grounding-techniques
2025-10-29T08:24:19.728199+00:00,L-019,learner,micro-tutor-05,646,5,2,2,3.0,Context,tutorial-grounding-techniques
2025-10-29T09:06:23.995572+00:00,L-033,learner,micro-tutor-02,1442,5,2,5,4.0,Context,tutorial-grounding-techniques
2025-10-29T11:44:10.829836+00:00,L-005,learner,micro-tutor-03,612,5,4,2,3.67,Constraints,tutorial-prompt-constraints
2025-10-29T15:43:18.909278+00:00,L-017,learner,micro-tutor-03,1010,2,4,1,2.33,Constraints,tutorial-prompt-constraints
2025-10-29T18:34:47.217938+00:00,L-021,learner,micro-tutor-03,373,4,1,1,2.0,Context,tutorial-grounding-techniques
2025-10-29T18:40:50.132823+00:00,L-003,learner,micro-tutor-01,373,2,3,3,2.67,Clarity,tutorial-clarity-basics
2025-10-29T18:59:14.287241+00:00,L-041,learner,micro-tutor-01,383,4,5,2,3.67,Constraints,tutorial-prompt-constraints
2025-10-30T00:04:43.317352+00:00,L-030,learner,micro-tutor-05,502,5,5,5,5.0,Clarity,tutorial-clarity-basics
2025-10-30T00:52:14.446677+00:00,L-048,learner,micro-tutor-02,652,3,4,3,3.33,Clarity,tutorial-clarity-basics
2025-10-30T02:43:35.326637+00:00,L-037,learner,micro-tutor-05,386,1,2,1,1.33,Clarity,tutorial-clarity-basics
2025-10-30T02:53:52.085200+00:00,L-015,learner,micro-tutor-01,909,5,2,4,3.67,Context,tutorial-grounding-techniques
2025-10-30T04:06:48.133291+00:00,L-042,learner,micro-tutor-04,1114,5,3,3,3.67,Context,tutorial-grounding-techniques
2025-10-30T05:18:42.902568+00:00,L-020,learner,micro-tutor-05,1440,1,5,2,2.67,Clarity,tutorial-clarity-basics
2025-10-30T09:00:06.813342+00:00,L-048,learner,micro-tutor-02,491,2,1,4,2.33,Context,tutorial-grounding-techniques
2025-10-30T09:37:38.144769+00:00,L-018,learner,micro-tutor-01,608,3,1,2,2.0,Context,tutorial-grounding-techniques
2025-10-30T10:58:18.607236+00:00,L-006,learner,micro-tutor-01,483,3,4,3,3.33,Clarity,tutorial-clarity-basics
2025-10-30T11:32:50.433093+00:00,L-037,learner,micro-tutor-04,475,1,5,3,3.0,Clarity,tutorial-clarity-basics
2025-10-30T12:51:54.750347+00:00,L-026,learner,micro-tutor-04,556,5,4,2,3.67,Constraints,tutorial-prompt-constraints
2025-10-30T14:18:27.310164+00:00,L-001,learner,micro-tutor-03,1366,2,4,4,3.33,Clarity,tutorial-clarity-basics
2025-10-30T15:03:47.482448+00:00,L-036,learner,micro-tutor-03,1182,3,3,1,2.33,Constraints,tutorial-prompt-constraints
2025-10-30T16:06:37.126263+00:00,L-046,learner,micro-tutor-03,590,2,4,3,3.0,Clarity,tutorial-clarity-basics
2025-10-30T19:37:51.645769+00:00,L-016,learner,micro-tutor-04,1315,1,3,2,2.0,Clarity,tutorial-clarity-basics
2025-10-30T21:04:12.963629+00:00,L-050,learner,micro-tutor-02,726,5,3,1,3.0,Constraints,tutorial-prompt-constraints
2025-10-30T21:31:44.927516+00:00,L-024,learner,micro-tutor-05,632,5,1,3,3.0,Context,tutorial-grounding-techniques
2025-10-31T00:20:45.455606+00:00,L-003,learner,micro-tutor-03,69,4,3,1,2.67,Constraints,tutorial-prompt-constraints
2025-10-31T00:53:12.972880+00:00,L-024,learner,micro-tutor-05,1082,5,4,2,3.67,Constraints,tutorial-prompt-constraints
2025-10-31T04:22:04.544741+00:00,L-022,learner,micro-tutor-05,663,5,4,5,4.67,Context,tutorial-grounding-techniques
2025-10-31T06:59:47.139944+00:00,L-044,learner,micro-tutor-01,195,5,5,5,5.0,Clarity,tutorial-clarity-basics
2025-10-31T07:28:59.494105+00:00,L-004,learner,micro-tutor-04,1096,4,4,2,3.33,Constraints,tutorial-prompt-constraints
2025-10-31T10:18:55.187208+00:00,L-017,learner,micro-tutor-04,1289,5,2,3,3.33,Context,tutorial-grounding-techniques
2025-10-31T10:54:22.938504+00:00,L-007,learner,micro-tutor-05,1040,3,5,5,4.33,Clarity,tutorial-clarity-basics
2025-10-31T11:53:08.068871+00:00,L-008,learner,micro-tutor-04,632,1,1,5,2.33,Clarity,tutorial-clarity-basics
2025-10-31T16:47:53.945279+00:00,L-006,learner,micro-tutor-04,217,3,4,3,3.33,Clarity,tutorial-clarity-basics
2025-11-01T00:36:27.989972+00:00,L-030,learner,micro-tutor-04,1274,4,1,4,3.0,Context,tutorial-grounding-techniques
2025-11-01T00:51:28.944757+00:00,L-032,learner,micro-tutor-04,69,5,1,3,3.0,Context,tutorial-grounding-techniques
2025-11-01T03:01:20.900688+00:00,L-003,learner,micro-tutor-01,882,1,2,2,1.67,Clarity,tutorial-clarity-basics
2025-11-01T05:25:53.708292+00:00,L-040,learner,micro-tutor-02,409,4,5,3,4.0,Constraints,tutorial-prompt-constraints
2025-11-01T07:42:30.918663+00:00,L-050,learner,micro-tutor-05,962,3,5,5,4.33,Clarity,tutorial-clarity-basics
2025-11-01T16:17:14.704500+00:00,L-031,learner,micro-tutor-02,430,5,4,4,4.33,Context,tutorial-grounding-techniques
2025-11-01T18:13:46.140451+00:00,L-046,learner,micro-tutor-04,1172,3,2,1,2.0,Constraints,tutorial-prompt-constraints
2025-11-01T20:46:24.552580+00:00,L-036,learner,micro-tutor-03,294,1,5,3,3.0,Clarity,tutorial-clarity-basics
2025-11-02T03:58:12.964041+00:00,L-016,learner,micro-tutor-05,1336,2,1,2,1.67,Context,tutorial-grounding-techniques
2025-11-02T04:45:00.330132+00:00,L-017,learner,micro-tutor-01,222,4,1,3,2.67,Context,tutorial-grounding-techniques
2025-11-02T08:09:35.876390+00:00,L-021,learner,micro-tutor-03,376,5,3,2,3.33,Constraints,tutorial-prompt-constraints
2025-11-02T08:56:40.612770+00:00,L-001,learner,micro-tutor-05,333,4,3,2,3.0,Constraints,tutorial-prompt-constraints
2025-11-02T09:30:12.943090+00:00,L-039,learner,micro-tutor-04,1208,5,4,3,4.0,Constraints,tutorial-prompt-constraints
2025-11-02T10:47:05.217511+00:00,L-028,learner,micro-tutor-05,85,3,5,3,3.67,Clarity,tutorial-clarity-basics
2025-11-02T15:21:32.691406+00:00,L-003,learner,micro-tutor-03,1026,1,1,5,2.33,Clarity,tutorial-clarity-basics
2025-11-02T16:42:14.628640+00:00,L-010,learner,micro-tutor-04,308,2,4,1,2.33,Constraints,tutorial-prompt-constraints
2025-11-02T20:57:03.085421+00:00,L-019,learner,micro-tutor-05,1164,3,1,5,3.0,Context,tutorial-grounding-techniques
2025-11-02T23:15:38.430462+00:00,L-022,learner,micro-tutor-05,1283,3,2,2,2.33,Context,tutorial-grounding-techniques
2025-11-03T03:26:46.995307+00:00,L-048,learner,micro-tutor-01,1171,3,3,3,3.0,Clarity,tutorial-clarity-basics
2025-11-03T06:01:39.403697+00:00,L-040,learner,micro-tutor-01,90,2,5,2,3.0,Clarity,tutorial-clarity-basics
2025-11-03T06:27:14.121168+00:00,L-017,learner,micro-tutor-01,1123,2,4,4,3.33,Clarity,tutorial-clarity-basics
2025-11-03T10:13:05.903669+00:00,L-003,learner,micro-tutor-05,1207,1,4,5,3.33,Clarity,tutorial-clarity-basics
2025-11-03T11:00:12.584037+00:00,L-030,learner,micro-tutor-03,473,3,3,4,3.33,Clarity,tutorial-clarity-basics
2025-11-03T11:02:32.693784+00:00,L-031,learner,micro-tutor-01,549,3,1,2,2.0,Context,tutorial-grounding-techniques
2025-11-03T11:50:26.538501+00:00,L-036,learner,micro-tutor-01,607,1,3,4,2.67,Clarity,tutorial-clarity-basics
2025-11-03T11:57:21.792868+00:00,L-018,learner,micro-tutor-03,1296,2,2,5,3.0,Clarity,tutorial-clarity-basics
2025-11-03T23:52:35.812196+00:00,L-025,learner,micro-tutor-05,217,2,2,5,3.0,Clarity,tutorial-clarity-basics
2025-11-04T00:49:52.332235+00:00,L-020,learner,micro-tutor-03,331,4,1,5,3.33,Context,tutorial-grounding-techniques
2025-11-04T07:24:03.201848+00:00,L-005,learner,micro-tutor-04,1324,2,4,2,2.67,Clarity,tutorial-clarity-basics
2025-11-04T09:05:48.002626+00:00,L-005,learner,micro-tutor-01,1417,4,2,4,3.33,Context,tutorial-grounding-techniques
2025-11-04T11:31:38.449062+00:00,L-032,learner,micro-tutor-05,1272,3,5,3,3.67,Clarity,tutorial-clarity-basics
2025-11-04T12:57:40.819246+00:00,L-004,learner,micro-tutor-02,881,5,5,3,4.33,Constraints,tutorial-prompt-constraints
2025-11-04T14:11:22.641826+00:00,L-042,learner,micro-tutor-04,1364,4,3,1,2.67,Constraints,tutorial-prompt-constraints
2025-11-04T18:42:54.526115+00:00,L-027,learner,micro-tutor-04,1139,4,1,1,2.0,Context,tutorial-grounding-techniques
2025-11-04T21:12:17.006701+00:00,L-002,learner,micro-tutor-05,488,2,3,4,3.0,Clarity,tutorial-clarity-basics
2025-11-04T21:51:00.568873+00:00,L-028,learner,micro-tutor-01,822,1,4,4,3.0,Clarity,tutorial-clarity-basics
2025-11-04T23:14:05.957955+00:00,L-022,learner,micro-tutor-01,792,5,5,2,4.0,Constraints,tutorial-prompt-constraints
2025-11-05T00:11:11.461879+00:00,L-049,learner,micro-tutor-04,1486,5,5,3,4.33,Constraints,tutorial-prompt-constraints
2025-11-05T02:08:41.682510+00:00,L-032,learner,micro-tutor-05,953,3,5,1,3.0,Constraints,tutorial-prompt-constraints
2025-11-05T06:09:16.555517+00:00,L-050,learner,micro-tutor-01,621,4,1,4,3.0,Context,tutorial-grounding-techniques
2025-11-05T07:17:30.860856+00:00,L-027,learner,micro-tutor-04,903,1,5,4,3.33,Clarity,tutorial-clarity-basics
2025-11-05T07:57:25.000065+00:00,L-025,learner,micro-tutor-04,1487,5,3,4,4.0,Context,tutorial-grounding-techniques
2025-11-05T11:12:04.407877+00:00,L-004,learner,micro-tutor-02,1242,5,1,3,3.0,Context,tutorial-grounding-techniques
2025-11-05T13:51:30.915481+00:00,L-042,learner,micro-tutor-05,266,5,5,1,3.67,Constraints,tutorial-prompt-constraints
2025-11-05T17:27:29.599528+00:00,L-017,learner,micro-tutor-01,243,3,1,3,2.33,Context,tutorial-grounding-techniques
2025-11-05T17:56:58.451754+00:00,L-027,learner,micro-tutor-05,584,2,2,1,1.67,Constraints,tutorial-prompt-constraints
2025-11-05T20:18:48.208791+00:00,L-021,learner,micro-tutor-03,1104,4,2,3,3.0,Context,tutorial-grounding-techniques
2025-11-06T04:25:09.593310+00:00,L-023,learner,micro-tutor-05,114,4,2,2,2.67,Context,tutorial-grounding-techniques
2025-11-06T05:05:55.287381+00:00,L-047,learner,micro-tutor-03,729,1,2,4,2.33,Clarity,tutorial-clarity-basics
2025-11-06T08:00:44.333835+00:00,L-040,learner,micro-tutor-03,1212,5,1,3,3.0,Context,tutorial-grounding-techniques
2025-11-06T08:38:57.613201+00:00,L-029,learner,micro-tutor-02,382,4,1,3,2.67,Context,tutorial-grounding-techniques
2025-11-06T09:50:10.827362+00:00,L-001,learner,micro-tutor-01,790,5,3,5,4.33,Context,tutorial-grounding-techniques
2025-11-06T10:22:42.962003+00:00,L-032,learner,micro-tutor-05,281,4,5,5,4.67,Clarity,tutorial-clarity-basics
2025-11-06T11:00:26.700468+00:00,L-003,learner,micro-tutor-02,554,4,1,5,3.33,Context,tutorial-grounding-techniques
2025-11-06T13:05:04.954371+00:00,L-017,learner,micro-tutor-05,997,5,5,4,4.67,Constraints,tutorial-prompt-constraints
2025-11-06T17:00:50.384843+00:00,L-020,learner,micro-tutor-02,1184,4,1,3,2.67,Context,tutorial-grounding-techniques
2025-11-06T21:37:53.486052+00:00,L-004,learner,micro-tutor-03,415,1,1,3,1.67,Clarity,tutorial-clarity-basics
2025-11-06T23:31:56.859454+00:00,L-002,learner,micro-tutor-03,521,1,5,5,3.67,Clarity,tutorial-clarity-basics
2025-11-07T04:45:14.297464+00:00,L-032,learner,micro-tutor-03,1170,3,3,3,3.0,Clarity,tutorial-clarity-basics
2025-11-07T04:50:02.128403+00:00,L-010,learner,micro-tutor-03,1252,1,3,3,2.33,Clarity,tutorial-clarity-basics
2025-11-07T06:37:43.238670+00:00,L-036,learner,micro-tutor-05,223,4,3,4,3.67,Context,tutorial-grounding-techniques
2025-11-07T09:45:31.514173+00:00,L-043,learner,micro-tutor-04,1021,5,4,2,3.67,Constraints,tutorial-prompt-constraints
2025-11-07T09:52:16.746657+00:00,L-031,learner,micro-tutor-03,853,5,4,5,4.67,Context,tutorial-grounding-techniques
2025-11-07T11:31:05.842412+00:00,L-024,learner,micro-tutor-02,668,4,3,3,3.33,Context,tutorial-grounding-techniques
2025-11-07T11:49:10.504324+00:00,L-018,learner,micro-tutor-05,1073,4,1,1,2.0,Context,tutorial-grounding-techniques
2025-11-07T12:17:54.179662+00:00,L-044,learner,micro-tutor-03,122,4,4,4,4.0,Clarity,tutorial-clarity-basics
2025-11-07T14:53:07.496027+00:00,L-034,learner,micro-tutor-02,302,1,1,2,1.33,Clarity,tutorial-clarity-basics
2025-11-07T18:58:06.064913+00:00,L-016,learner,micro-tutor-01,942,4,1,2,2.33,Context,tutorial-grounding-techniques
2025-11-08T01:21:03.921142+00:00,L-022,learner,micro-tutor-03,662,2,4,5,3.67,Clarity,tutorial-clarity-basics
2025-11-08T05:30:16.595815+00:00,L-009,learner,micro-tutor-02,679,1,1,2,1.33,Clarity,tutorial-clarity-basics
2025-11-08T11:12:22.824506+00:00,L-019,learner,micro-tutor-01,963,3,3,3,3.0,Clarity,tutorial-clarity-basics
2025-11-08T12:45:07.242746+00:00,L-034,learner,micro-tutor-02,67,1,5,5,3.67,Clarity,tutorial-clarity-basics
2025-11-08T13:14:31.887718+00:00,L-004,learner,micro-tutor-03,1237,3,2,4,3.0,Context,tutorial-grounding-techniques
2025-11-08T15:03:12.995287+00:00,L-043,learner,micro-tutor-02,566,5,1,2,2.67,Context,tutorial-grounding-techniques
2025-11-08T19:05:44.388420+00:00,L-021,learner,micro-tutor-05,903,3,2,5,3.33,Context,tutorial-grounding-techniques
2025-11-08T19:30:46.729581+00:00,L-011,learner,micro-tutor-05,211,2,2,2,2.0,Clarity,tutorial-clarity-basics
2025-11-09T01:07:37.242927+00:00,L-035,learner,micro-tutor-04,1151,4,1,5,3.33,Context,tutorial-grounding-techniques
2025-11-09T05:44:22.981286+00:00,L-045,learner,micro-tutor-03,602,4,1,5,3.33,Context,tutorial-grounding-techniques
2025-11-09T07:10:23.355673+00:00,L-034,learner,micro-tutor-04,893,3,2,2,2.33,Context,tutorial-grounding-techniques
2025-11-09T11:34:16.500564+00:00,L-049,learner,micro-tutor-05,259,1,3,4,2.67,Clarity,tutorial-clarity-basics
2025-11-09T11:51:28.052756+00:00,L-023,learner,micro-tutor-03,273,5,3,2,3.33,Constraints,tutorial-prompt-constraints
2025-11-09T16:30:16.265110+00:00,L-013,learner,micro-tutor-03,101,1,2,4,2.33,Clarity,tutorial-clarity-basics
2025-11-09T18:10:45.390944+00:00,L-050,learner,micro-tutor-05,1422,1,1,2,1.33,Clarity,tutorial-clarity-basics
2025-11-09T20:23:31.938789+00:00,L-008,learner,micro-tutor-03,1214,5,4,3,4.0,Constraints,tutorial-prompt-constraints
2025-11-09T22:20:53.949207+00:00,L-032,learner,micro-tutor-04,253,3,1,1,1.67,Context,tutorial-grounding-techniques
2025-11-10T00:28:05.974901+00:00,L-023,learner,micro-tutor-02,512,2,1,5,2.67,Context,tutorial-grounding-techniques
2025-11-10T01:13:19.928704+00:00,L-049,learner,micro-tutor-02,1471,2,5,5,4.0,Clarity,tutorial-clarity-basics
2025-11-10T06:53:52.054281+00:00,L-003,learner,micro-tutor-03,317,1,1,3,1.67,Clarity,tutorial-clarity-basics
2025-11-10T07:27:41.413272+00:00,L-014,learner,micro-tutor-05,988,1,5,3,3.0,Clarity,tutorial-clarity-basics
2025-11-10T08:52:27.689324+00:00,L-019,learner,micro-tutor-05,139,1,4,4,3.0,Clarity,tutorial-clarity-basics
2025-11-10T13:16:01.112694+00:00,L-023,learner,micro-tutor-04,634,2,3,3,2.67,Clarity,tutorial-clarity-basics
2025-11-10T18:13:29.333006+00:00,L-010,learner,micro-tutor-01,290,2,1,4,2.33,Context,tutorial-grounding-techniques
2025-11-10T20:38:40.448585+00:00,L-028,learner,micro-tutor-01,938,2,1,4,2.33,Context,tutorial-grounding-techniques
2025-11-10T20:41:34.326038+00:00,L-027,learner,micro-tutor-05,1315,4,3,1,2.67,Constraints,tutorial-prompt-constraints
2025-11-10T23:50:56.984465+00:00,L-046,learner,micro-tutor-01,1408,1,1,2,1.33,Clarity,tutorial-clarity-basics
2025-11-11T03:32:58.440776+00:00,L-027,learner,micro-tutor-04,726,2,3,2,2.33,Clarity,tutorial-clarity-basics
2025-11-11T08:46:43.125575+00:00,L-013,learner,micro-tutor-02,275,5,3,2,3.33,Constraints,tutorial-prompt-constraints
2025-11-11T10:27:22.863628+00:00,L-044,learner,micro-tutor-05,102,4,3,2,3.0,Constraints,tutorial-prompt-constraints
2025-11-11T14:41:15.436839+00:00,L-003,learner,micro-tutor-01,153,4,5,1,3.33,Constraints,tutorial-prompt-constraints
2025-11-11T15:43:43.134582+00:00,L-019,learner,micro-tutor-03,433,2,5,4,3.67,Clarity,tutorial-clarity-basics
2025-11-11T15:47:19.231858+00:00,L-030,learner,micro-tutor-05,558,5,1,1,2.33,Context,tutorial-grounding-techniques
2025-11-11T16:49:15.422957+00:00,L-013,learner,micro-tutor-05,899,4,5,2,3.67,Constraints,tutorial-prompt-constraints
2025-11-11T17:50:03.860944+00:00,L-047,learner,micro-tutor-05,936,5,5,1,3.67,Constraints,tutorial-prompt-constraints
2025-11-12T00:37:02.362115+00:00,L-009,learner,micro-tutor-02,640,3,4,4,3.67,Clarity,tutorial-clarity-basics
2025-11-12T01:19:34.873543+00:00,L-032,learner,micro-tutor-05,1350,1,1,4,2.0,Clarity,tutorial-clarity-basics
2025-11-12T02:31:28.521972+00:00,L-021,learner,micro-tutor-02,400,5,5,2,4.0,Constraints,tutorial-prompt-constraints
2025-11-12T03:05:21.465051+00:00,L-046,learner,micro-tutor-04,76,3,2,1,2.0,Constraints,tutorial-prompt-constraints
2025-11-12T04:07:07.121235+00:00,L-004,learner,micro-tutor-03,683,1,3,5,3.0,Clarity,tutorial-clarity-basics
2025-11-12T10:28:24.525467+00:00,L-024,learner,micro-tutor-01,177,3,3,2,2.67,Constraints,tutorial-prompt-constraints
2025-11-12T11:15:00.444470+00:00,L-047,learner,micro-tutor-03,1390,5,5,2,4.0,Constraints,tutorial-prompt-constraints
2025-11-12T11:24:52.324434+00:00,L-050,learner,micro-tutor-05,284,4,5,1,3.33,Constraints,tutorial-prompt-constraints
2025-11-12T13:12:40.586376+00:00,L-019,learner,micro-tutor-05,203,4,3,1,2.67,Constraints,tutorial-prompt-constraints
2025-11-12T16:02:59.723924+00:00,L-017,learner,micro-tutor-03,311,5,4,3,4.0,Constraints,tutorial-prompt-constraints
2025-11-12T17:50:18.564789+00:00,L-023,learner,micro-tutor-01,255,4,3,4,3.67,Context,tutorial-grounding-techniques
2025-11-12T19:43:16.614342+00:00,L-045,learner,micro-tutor-03,1473,4,2,2,2.67,Context,tutorial-grounding-techniques
2025-11-12T19:52:19.092789+00:00,L-028,learner,micro-tutor-04,664,5,2,2,3.0,Context,tutorial-grounding-techniques
2025-11-12T21:34:45.569065+00:00,L-026,learner,micro-tutor-02,998,1,1,3,1.67,Clarity,tutorial-clarity-basics
2025-11-12T22:01:33.614511+00:00,L-030,learner,micro-tutor-02,1371,5,1,5,3.67,Context,tutorial-grounding-techniques
2025-11-13T00:19:06.018775+00:00,L-020,learner,micro-tutor-05,1294,2,1,2,1.67,Context,tutorial-grounding-techniques
2025-11-13T01:55:50.384990+00:00,L-008,learner,micro-tutor-04,1339,4,1,5,3.33,Context,tutorial-grounding-techniques
2025-11-13T01:58:25.895760+00:00,L-005,learner,micro-tutor-04,1393,4,2,2,2.67,Context,tutorial-grounding-techniques
2025-11-13T02:28:32.560575+00:00,L-050,learner,micro-tutor-02,131,5,5,2,4.0,Constraints,tutorial-prompt-constraints
2025-11-13T04:03:04.607973+00:00,L-043,learner,micro-tutor-05,728,4,1,4,3.0,Context,tutorial-grounding-techniques
2025-11-13T04:35:23.007219+00:00,L-023,learner,micro-tutor-04,775,5,3,5,4.33,Context,tutorial-grounding-techniques
2025-11-13T06:08:45.863318+00:00,L-015,learner,micro-tutor-01,630,3,4,1,2.67,Constraints,tutorial-prompt-constraints
2025-11-13T08:30:08.888380+00:00,L-035,learner,micro-tutor-04,1168,5,4,3,4.0,Constraints,tutorial-prompt-constraints
2025-11-13T09:00:45.846534+00:00,L-032,learner,micro-tutor-04,887,5,5,4,4.67,Constraints,tutorial-prompt-constraints
2025-11-13T12:32:11.930698+00:00,L-046,learner,micro-tutor-04,321,4,2,1,2.33,Constraints,tutorial-prompt-constraints
2025-11-13T15:14:20.919401+00:00,L-008,learner,micro-tutor-01,878,1,3,2,2.0,Clarity,tutorial-clarity-basics
2025-11-13T17:03:52.971446+00:00,L-027,learner,micro-tutor-02,546,2,1,4,2.33,Context,tutorial-grounding-techniques
2025-11-13T22:29:17.821938+00:00,L-032,learner,micro-tutor-04,1254,1,2,2,1.67,Clarity,tutorial-clarity-basics
2025-11-14T04:50:24.849522+00:00,L-037,learner,micro-tutor-02,854,3,3,3,3.0,Clarity,tutorial-clarity-basics
2025-11-14T06:13:42.739486+00:00,L-031,learner,micro-tutor-04,59,5,4,4,4.33,Context,tutorial-grounding-techniques
2025-11-14T07:43:20.836851+00:00,L-017,learner,micro-tutor-03,1268,3,4,2,3.0,Constraints,tutorial-prompt-constraints
2025-11-14T10:38:35.444844+00:00,L-023,learner,micro-tutor-02,1463,3,3,2,2.67,Constraints,tutorial-prompt-constraints
2025-11-14T11:22:10.969495+00:00,L-031,learner,micro-tutor-03,1429,4,5,2,3.67,Constraints,tutorial-prompt-constraints
2025-11-14T13:19:30.641585+00:00,L-010,learner,micro-tutor-02,1018,4,1,3,2.67,Context,tutorial-grounding-techniques
2025-11-14T19:07:04.109826+00:00,L-023,learner,micro-tutor-04,177,5,5,4,4.67,Constraints,tutorial-prompt-constraints
2025-11-14T20:56:08.259061+00:00,L-037,learner,micro-tutor-01,236,2,3,2,2.33,Clarity,tutorial-clarity-basics
2025-11-15T00:03:38.805487+00:00,L-003,learner,micro-tutor-04,1405,3,4,5,4.0,Clarity,tutorial-clarity-basics
2025-11-15T01:12:08.739056+00:00,L-049,learner,micro-tutor-05,1328,2,2,2,2.0,Clarity,tutorial-clarity-basics
2025-11-15T01:13:41.436860+00:00,L-035,learner,micro-tutor-01,1337,4,5,3,4.0,Constraints,tutorial-prompt-constraints
2025-11-15T01:17:15.341506+00:00,L-008,learner,micro-tutor-04,1372,5,2,4,3.67,Context,tutorial-grounding-techniques
2025-11-15T03:20:28.860141+00:00,L-050,learner,micro-tutor-04,1156,1,4,3,2.67,Clarity,tutorial-clarity-basics
2025-11-15T04:05:18.994220+00:00,L-040,learner,micro-tutor-03,747,5,2,2,3.0,Context,tutorial-grounding-techniques
2025-11-15T08:18:54.532298+00:00,L-005,learner,micro-tutor-01,448,4,4,5,4.33,Clarity,tutorial-clarity-basics
2025-11-15T19:21:57.133717+00:00,L-019,learner,micro-tutor-02,136,4,3,4,3.67,Context,tutorial-grounding-techniques
2025-11-15T20:26:32.900775+00:00,L-004,learner,micro-tutor-01,757,1,5,4,3.33,Clarity,tutorial-clarity-basics
2025-11-15T21:35:51.841193+00:00,L-003,learner,micro-tutor-02,1236,3,2,1,2.0,Constraints,tutorial-prompt-constraints
2025-11-15T23:15:48.669745+00:00,L-027,learner,micro-tutor-05,1253,1,1,2,1.33,Clarity,tutorial-clarity-basics
2025-11-16T00:03:50.793827+00:00,L-029,learner,micro-tutor-01,223,3,4,4,3.67,Clarity,tutorial-clarity-basics
2025-11-16T03:55:52.583089+00:00,L-027,learner,micro-tutor-03,394,4,4,4,4.0,Clarity,tutorial-clarity-basics
2025-11-16T04:01:42.908821+00:00,L-015,learner,micro-tutor-02,340,5,4,1,3.33,Constraints,tutorial-prompt-constraints
2025-11-16T04:56:25.614078+00:00,L-031,learner,micro-tutor-02,109,2,4,4,3.33,Clarity,tutorial-clarity-basics
2025-11-16T10:39:23.396108+00:00,L-003,learner,micro-tutor-01,269,2,3,1,2.0,Constraints,tutorial-prompt-constraints
2025-11-16T13:27:29.777892+00:00,L-020,learner,micro-tutor-03,103,3,2,1,2.0,Constraints,tutorial-prompt-constraints
2025-11-16T14:27:26.500862+00:00,L-045,learner,micro-tutor-01,482,2,2,2,2.0,Clarity,tutorial-clarity-basics
2025-11-16T22:02:34.443137+00:00,L-049,learner,micro-tutor-02,596,1,1,2,1.33,Clarity,tutorial-clarity-basics
2025-11-17T03:12:55.905956+00:00,L-001,learner,micro-tutor-02,588,2,5,5,4.0,Clarity,tutorial-clarity-basics
2025-11-17T08:47:37.083686+00:00,L-024,learner,micro-tutor-01,1431,3,3,5,3.67,Clarity,tutorial-clarity-basics
2025-11-17T10:30:30.794833+00:00,L-011,learner,micro-tutor-03,251,2,1,4,2.33,Context,tutorial-grounding-techniques
2025-11-17T16:16:01.535317+00:00,L-044,learner,micro-tutor-03,1109,3,2,2,2.33,Context,tutorial-grounding-techniques
2025-11-17T17:10:20.383977+00:00,L-009,learner,micro-tutor-05,132,1,3,5,3.0,Clarity,tutorial-clarity-basics
2025-11-17T17:41:31.167570+00:00,L-005,learner,micro-tutor-04,580,2,4,4,3.33,Clarity,tutorial-clarity-basics
2025-11-17T19:23:34.987878+00:00,L-002,learner,micro-tutor-01,1140,1,4,1,2.0,Clarity,tutorial-clarity-basics
2025-11-18T00:45:46.296374+00:00,L-024,learner,micro-tutor-03,1490,2,4,5,3.67,Clarity,tutorial-clarity-basics
2025-11-18T02:12:12.255919+00:00,L-015,learner,micro-tutor-01,482,1,2,3,2.0,Clarity,tutorial-clarity-basics
2025-11-18T09:48:42.759792+00:00,L-018,learner,micro-tutor-02,995,3,5,4,4.0,Clarity,tutorial-clarity-basics
2025-11-18T10:28:16.722503+00:00,L-012,learner,micro-tutor-04,1454,3,1,5,3.0,Context,tutorial-grounding-techniques
2025-11-18T10:35:32.129385+00:00,L-029,learner,micro-tutor-04,225,2,5,4,3.67,Clarity,tutorial-clarity-basics
2025-11-18T10:37:10.202109+00:00,L-035,learner,micro-tutor-05,1349,3,4,5,4.0,Clarity,tutorial-clarity-basics
2025-11-18T20:06:50.188978+00:00,L-020,learner,micro-tutor-05,586,4,5,1,3.33,Constraints,tutorial-prompt-constraints
2025-11-18T22:24:21.600040+00:00,L-036,learner,micro-tutor-05,572,2,3,2,2.33,Clarity,tutorial-clarity-basics
2025-11-18T22:57:45.416310+00:00,L-010,learner,micro-tutor-02,1011,4,2,1,2.33,Constraints,tutorial-prompt-constraints
2025-11-19T00:45:27.670419+00:00,L-050,learner,micro-tutor-01,154,2,3,5,3.33,Clarity,tutorial-clarity-basics
2025-11-19T00:49:08.072862+00:00,L-049,learner,micro-tutor-03,1464,3,2,1,2.0,Constraints,tutorial-prompt-constraints
2025-11-19T00:54:52.770317+00:00,L-017,learner,micro-tutor-03,887,3,3,4,3.33,Clarity,tutorial-clarity-basics
2025-11-19T01:55:53.019076+00:00,L-050,learner,micro-tutor-05,189,2,2,5,3.0,Clarity,tutorial-clarity-basics
2025-11-19T02:57:01.641678+00:00,L-039,learner,micro-tutor-05,833,2,5,1,2.67,Constraints,tutorial-prompt-constraints
2025-11-19T03:47:30.690514+00:00,L-050,learner,micro-tutor-02,1096,5,4,2,3.67,Constraints,tutorial-prompt-constraints
2025-11-19T05:05:22.380205+00:00,L-029,learner,micro-tutor-04,336,5,3,4,4.0,Context,tutorial-grounding-techniques
2025-11-19T05:46:09.463268+00:00,L-013,learner,micro-tutor-01,153,2,5,1,2.67,Constraints,tutorial-prompt-constraints
2025-11-19T07:13:15.641006+00:00,L-044,learner,micro-tutor-02,1357,3,2,5,3.33,Context,tutorial-grounding-techniques
2025-11-19T07:32:04.652878+00:00,L-029,learner,micro-tutor-03,1274,5,1,5,3.67,Context,tutorial-grounding-techniques
2025-11-19T12:21:36.597931+00:00,L-022,learner,micro-tutor-01,1392,5,4,3,4.0,Constraints,tutorial-prompt-constraints
2025-11-19T15:06:07.047378+00:00,L-030,learner,micro-tutor-05,947,1,4,2,2.33,Clarity,tutorial-clarity-basics
2025-11-19T15:38:42.540334+00:00,L-030,learner,micro-tutor-05,125,5,4,5,4.67,Context,tutorial-grounding-techniques
2025-11-19T18:14:25.478109+00:00,L-045,learner,micro-tutor-05,1382,2,1,3,2.0,Context,tutorial-grounding-techniques
2025-11-19T22:46:09.124353+00:00,L-018,learner,micro-tutor-05,458,5,4,2,3.67,Constraints,tutorial-prompt-constraints
2025-11-19T23:45:23.904511+00:00,L-005,learner,micro-tutor-03,1168,4,4,5,4.33,Clarity,tutorial-clarity-basics
2025-11-20T02:40:21.574266+00:00,L-012,learner,micro-tutor-05,1293,4,3,2,3.0,Constraints,tutorial-prompt-constraints
2025-11-20T03:28:10.073513+00:00,L-016,learner,micro-tutor-05,1418,2,5,5,4.0,Clarity,tutorial-clarity-basics
2025-11-20T04:44:36.352930+00:00,L-009,learner,micro-tutor-01,1404,2,3,5,3.33,Clarity,tutorial-clarity-basics
2025-11-20T08:41:40.685671+00:00,L-042,learner,micro-tutor-01,483,4,2,2,2.67,Context,tutorial-grounding-techniques
2025-11-20T09:01:32.991442+00:00,L-019,learner,micro-tutor-04,596,4,3,5,4.0,Context,tutorial-grounding-techniques
2025-11-20T09:47:06.685138+00:00,L-030,learner,micro-tutor-01,828,4,3,5,4.0,Context,tutorial-grounding-techniques
2025-11-20T11:07:51.946841+00:00,L-046,learner,micro-tutor-02,1038,1,4,5,3.33,Clarity,tutorial-clarity-basics
2025-11-20T13:33:40.129079+00:00,L-032,learner,micro-tutor-04,473,2,5,2,3.0,Clarity,tutorial-clarity-basics
2025-11-20T16:32:09.299678+00:00,L-022,learner,micro-tutor-01,732,1,1,2,1.33,Clarity,tutorial-clarity-basics
2025-11-20T17:24:11.584131+00:00,L-039,learner,micro-tutor-01,1142,2,2,3,2.33,Clarity,tutorial-clarity-basics
2025-11-20T19:24:56.843202+00:00,L-047,learner,micro-tutor-05,875,2,5,4,3.67,Clarity,tutorial-clarity-basics
2025-11-20T22:44:22.894405+00:00,L-015,learner,micro-tutor-03,513,1,3,5,3.0,Clarity,tutorial-clarity-basics
2025-11-21T03:10:34.874720+00:00,L-037,learner,micro-tutor-04,582,5,1,3,3.0,Context,tutorial-grounding-techniques
2025-11-21T03:26:49.142790+00:00,L-003,learner,micro-tutor-03,1417,5,5,1,3.67,Constraints,tutorial-prompt-constraints
2025-11-21T03:59:11.943134+00:00,L-043,learner,micro-tutor-04,741,3,3,1,2.33,Constraints,tutorial-prompt-constraints
2025-11-21T11:37:28.261412+00:00,L-026,learner,micro-tutor-01,529,2,5,3,3.33,Clarity,tutorial-clarity-basics
2025-11-21T13:16:15.447959+00:00,L-013,learner,micro-tutor-03,1351,5,2,1,2.67,Constraints,tutorial-prompt-constraints
2025-11-21T16:56:32.468545+00:00,L-043,learner,micro-tutor-02,815,4,4,5,4.33,Clarity,tutorial-clarity-basics
2025-11-21T17:03:45.776205+00:00,L-014,learner,micro-tutor-03,236,2,4,1,2.33,Constraints,tutorial-prompt-constraints
2025-11-21T18:10:21.494913+00:00,L-030,learner,micro-tutor-01,287,3,4,1,2.67,Constraints,tutorial-prompt-constraints
2025-11-21T20:37:04.191860+00:00,L-045,learner,micro-tutor-04,588,2,5,2,3.0,Clarity,tutorial-clarity-basics
2025-11-21T20:46:54.655868+00:00,L-006,learner,micro-tutor-04,1464,2,1,5,2.67,Context,tutorial-grounding-techniques
2025-11-21T21:42:34.511696+00:00,L-032,learner,micro-tutor-01,929,5,4,2,3.67,Constraints,tutorial-prompt-constraints
2025-11-22T01:15:09.958101+00:00,L-036,learner,micro-tutor-01,1352,2,5,3,3.33,Clarity,tutorial-clarity-basics
2025-11-22T03:03:24.178648+00:00,L-022,learner,micro-tutor-04,622,5,4,5,4.67,Context,tutorial-grounding-techniques
2025-11-22T03:45:21.002071+00:00,L-025,learner,micro-tutor-03,176,1,5,1,2.33,Clarity,tutorial-clarity-basics
2025-11-22T05:27:38.128212+00:00,L-005,learner,micro-tutor-05,473,4,4,1,3.0,Constraints,tutorial-prompt-constraints
2025-11-22T06:14:49.403074+00:00,L-043,learner,micro-tutor-05,461,1,2,2,1.67,Clarity,tutorial-clarity-basics
2025-11-22T11:06:44.240221+00:00,L-010,learner,micro-tutor-04,900,3,5,3,3.67,Clarity,tutorial-clarity-basics
2025-11-22T13:39:35.487625+00:00,L-017,learner,micro-tutor-01,1155,3,1,5,3.0,Context,tutorial-grounding-techniques
2025-11-22T17:23:42.024111+00:00,L-048,learner,micro-tutor-01,936,5,1,5,3.67,Context,tutorial-grounding-techniques
2025-11-22T19:18:22.281481+00:00,L-048,learner,micro-tutor-03,1346,1,4,1,2.0,Clarity,tutorial-clarity-basics
2025-11-22T23:59:42.181330+00:00,L-018,learner,micro-tutor-03,252,2,1,3,2.0,Context,tutorial-grounding-techniques
2025-11-23T00:36:11.324045+00:00,L-011,learner,micro-tutor-03,837,4,3,2,3.0,Constraints,tutorial-prompt-constraints
2025-11-23T00:38:00.355447+00:00,L-047,learner,micro-tutor-01,1011,1,2,5,2.67,Clarity,tutorial-clarity-basics
2025-11-23T04:52:35.129640+00:00,L-036,learner,micro-tutor-01,140,2,5,1,2.67,Constraints,tutorial-prompt-constraints
2025-11-23T08:22:18.221266+00:00,L-002,learner,micro-tutor-01,114,1,2,1,1.33,Clarity,tutorial-clarity-basics
2025-11-23T09:09:12.356717+00:00,L-007,learner,micro-tutor-03,75,1,5,3,3.0,Clarity,tutorial-clarity-basics
2025-11-23T10:17:23.101496+00:00,L-001,learner,micro-tutor-01,785,1,4,1,2.0,Clarity,tutorial-clarity-basics
2025-11-23T10:47:48.102839+00:00,L-044,learner,micro-tutor-03,999,3,5,3,3.67,Clarity,tutorial-clarity-basics
2025-11-23T13:40:06.415684+00:00,L-040,learner,micro-tutor-02,851,2,1,5,2.67,Context,tutorial-grounding-techniques
2025-11-23T13:48:51.009899+00:00,L-002,learner,micro-tutor-04,1006,3,4,4,3.67,Clarity,tutorial-clarity-basics
2025-11-23T17:40:57.844490+00:00,L-047,learner,micro-tutor-04,230,4,5,4,4.33,Clarity,tutorial-clarity-basics
2025-11-23T19:12:19.189079+00:00,L-011,learner,micro-tutor-05,1431,4,1,3,2.67,Context,tutorial-grounding-techniques
2025-11-24T05:19:37.168370+00:00,L-031,learner,micro-tutor-02,1423,4,1,3,2.67,Context,tutorial-grounding-techniques
2025-11-24T05:29:35.634810+00:00,L-001,learner,micro-tutor-01,526,2,3,1,2.0,Constraints,tutorial-prompt-constraints
2025-11-24T06:45:51.888838+00:00,L-023,learner,micro-tutor-01,642,4,4,2,3.33,Constraints,tutorial-prompt-constraints
2025-11-24T09:31:55.873401+00:00,L-042,learner,micro-tutor-04,1457,5,4,5,4.67,Context,tutorial-grounding-techniques
2025-11-24T11:11:32.505821+00:00,L-050,learner,micro-tutor-01,1320,1,3,2,2.0,Clarity,tutorial-clarity-basics
2025-11-24T11:16:07.105477+00:00,L-017,learner,micro-tutor-05,711,4,5,5,4.67,Clarity,tutorial-clarity-basics
2025-11-24T15:37:35.191337+00:00,L-002,learner,micro-tutor-04,1130,5,2,3,3.33,Context,tutorial-grounding-techniques
2025-11-24T18:45:17.053305+00:00,L-018,learner,micro-tutor-02,973,4,1,2,2.33,Context,tutorial-grounding-techniques
2025-11-24T22:20:40.364221+00:00,L-007,learner,micro-tutor-03,621,3,2,1,2.0,Constraints,tutorial-prompt-constraints
2025-11-25T01:00:03.715532+00:00,L-050,learner,micro-tutor-04,1489,1,2,5,2.67,Clarity,tutorial-clarity-basics
2025-11-25T06:52:53.260126+00:00,L-042,learner,micro-tutor-04,1293,1,4,2,2.33,Clarity,tutorial-clarity-basics
2025-11-25T06:56:43.665395+00:00,L-019,learner,micro-tutor-01,458,3,2,1,2.0,Constraints,tutorial-prompt-constraints
2025-11-25T08:07:58.467396+00:00,L-027,learner,micro-tutor-03,1100,3,3,3,3.0,Clarity,tutorial-clarity-basics
2025-11-25T08:33:32.434791+00:00,L-039,learner,micro-tutor-05,893,2,3,4,3.0,Clarity,tutorial-clarity-basics
2025-11-25T09:10:08.747674+00:00,L-020,learner,micro-tutor-03,644,1,5,5,3.67,Clarity,tutorial-clarity-basics
2025-11-25T22:01:01.622104+00:00,L-004,learner,micro-tutor-02,131,1,3,3,2.33,Clarity,tutorial-clarity-basics
2025-11-25T22:07:27.841763+00:00,L-004,learner,micro-tutor-04,838,5,5,1,3.67,Constraints,tutorial-prompt-constraints
2025-11-25T22:16:24.425593+00:00,L-044,learner,micro-tutor-02,1216,2,3,4,3.0,Clarity,tutorial-clarity-basics
2025-11-26T01:02:36.529862+00:00,L-018,learner,micro-tutor-02,60,4,4,5,4.33,Clarity,tutorial-clarity-basics
2025-11-26T02:48:05.100721+00:00,L-047,learner,micro-tutor-04,1193,3,4,2,3.0,Constraints,tutorial-prompt-constraints
2025-11-26T07:30:41.963529+00:00,L-010,learner,micro-tutor-03,1127,1,4,1,2.0,Clarity,tutorial-clarity-basics
2025-11-26T09:21:36.718940+00:00,L-021,learner,micro-tutor-05,1079,2,2,4,2.67,Clarity,tutorial-clarity-basics
2025-11-26T13:33:33.958288+00:00,L-011,learner,micro-tutor-03,1002,4,3,1,2.67,Constraints,tutorial-prompt-constraints
2025-11-26T14:23:09.325934+00:00,L-029,learner,micro-tutor-01,482,5,1,2,2.67,Context,tutorial-grounding-techniques
2025-11-26T15:09:19.868650+00:00,L-044,learner,micro-tutor-02,1442,3,5,2,3.33,Constraints,tutorial-prompt-constraints
2025-11-26T17:08:20.873381+00:00,L-006,learner,micro-tutor-05,1437,1,3,5,3.0,Clarity,tutorial-clarity-basics
2025-11-26T19:44:39.072907+00:00,L-038,learner,micro-tutor-03,580,1,5,5,3.67,Clarity,tutorial-clarity-basics
2025-11-26T20:45:29.286893+00:00,L-040,learner,micro-tutor-01,1493,1,2,5,2.67,Clarity,tutorial-clarity-basics
2025-11-27T03:33:31.716979+00:00,L-036,learner,micro-tutor-02,834,1,4,3,2.67,Clarity,tutorial-clarity-basics
2025-11-27T07:28:59.974129+00:00,L-001,learner,micro-tutor-03,482,4,3,1,2.67,Constraints,tutorial-prompt-constraints
2025-11-27T09:47:20.366812+00:00,L-016,learner,micro-tutor-04,991,1,4,1,2.0,Clarity,tutorial-clarity-basics
2025-11-27T10:10:08.059992+00:00,L-018,learner,micro-tutor-03,637,2,2,1,1.67,Constraints,tutorial-prompt-constraints
2025-11-27T11:59:25.742527+00:00,L-027,learner,micro-tutor-02,426,2,5,4,3.67,Clarity,tutorial-clarity-basics
2025-11-27T18:26:14.171519+00:00,L-038,learner,micro-tutor-01,394,1,4,1,2.0,Clarity,tutorial-clarity-basics
2025-11-27T19:32:08.270869+00:00,L-015,learner,micro-tutor-05,1297,5,5,1,3.67,Constraints,tutorial-prompt-constraints
2025-11-27T20:30:55.424985+00:00,L-004,learner,micro-tutor-02,1410,3,4,1,2.67,Constraints,tutorial-prompt-constraints
2025-11-27T21:34:24.404630+00:00,L-035,learner,micro-tutor-05,789,1,5,1,2.33,Clarity,tutorial-clarity-basics
2025-11-28T00:20:57.964298+00:00,L-004,learner,micro-tutor-03,1114,1,4,1,2.0,Clarity,tutorial-clarity-basics
2025-11-28T00:31:48.961811+00:00,L-029,learner,micro-tutor-04,1451,3,1,1,1.67,Context,tutorial-grounding-techniques
2025-11-28T11:35:28.798731+00:00,L-037,learner,micro-tutor-03,202,4,3,2,3.0,Constraints,tutorial-prompt-constraints
2025-11-28T11:40:57.705473+00:00,L-023,learner,micro-tutor-01,1387,5,2,4,3.67,Context,tutorial-grounding-techniques
2025-11-28T12:05:00.090274+00:00,L-018,learner,micro-tutor-03,1185,1,4,3,2.67,Clarity,tutorial-clarity-basics
2025-11-28T18:32:33.546481+00:00,L-015,learner,micro-tutor-03,1412,1,4,3,2.67,Clarity,tutorial-clarity-basics
2025-11-28T18:41:22.244969+00:00,L-040,learner,micro-tutor-05,1492,3,1,3,2.33,Context,tutorial-grounding-techniques
2025-11-28T18:47:46.507878+00:00,L-027,learner,micro-tutor-05,1390,2,4,5,3.67,Clarity,tutorial-clarity-basics
2025-11-28T20:34:00.512535+00:00,L-049,learner,micro-tutor-03,1218,5,4,5,4.67,Context,tutorial-grounding-techniques
2025-11-29T02:35:00.744921+00:00,L-027,learner,micro-tutor-02,670,4,2,3,3.0,Context,tutorial-grounding-techniques
2025-11-29T03:50:43.595968+00:00,L-045,learner,micro-tutor-03,387,4,3,2,3.0,Constraints,tutorial-prompt-constraints
2025-11-29T04:11:56.451189+00:00,L-032,learner,micro-tutor-04,981,5,3,3,3.67,Context,tutorial-grounding-techniques
2025-11-29T14:52:18.411002+00:00,L-050,learner,micro-tutor-03,497,3,3,3,3.0,Clarity,tutorial-clarity-basics
2025-11-29T17:03:01.793760+00:00,L-006,learner,micro-tutor-02,385,5,5,1,3.67,Constraints,tutorial-prompt-constraints
2025-11-29T19:55:34.329408+00:00,L-024,learner,micro-tutor-03,498,3,5,2,3.33,Constraints,tutorial-prompt-constraints
2025-11-29T22:45:32.239244+00:00,L-047,learner,micro-tutor-01,727,4,3,2,3.0,Constraints,tutorial-prompt-constraints
2025-11-30T04:35:22.997043+00:00,L-050,learner,micro-tutor-03,432,4,2,1,2.33,Constraints,tutorial-prompt-constraints
2025-11-30T04:50:27.755657+00:00,L-020,learner,micro-tutor-04,1446,2,4,1,2.33,Constraints,tutorial-prompt-constraints
2025-11-30T05:29:32.855886+00:00,L-030,learner,micro-tutor-02,865,4,3,2,3.0,Constraints,tutorial-prompt-constraints
2025-11-30T05:48:20.586668+00:00,L-029,learner,micro-tutor-05,82,1,2,3,2.0,Clarity,tutorial-clarity-basics
2025-11-30T05:56:25.210894+00:00,L-002,learner,micro-tutor-04,589,2,4,1,2.33,Constraints,tutorial-prompt-constraints
2025-11-30T07:02:43.319364+00:00,L-029,learner,micro-tutor-03,862,5,5,5,5.0,Clarity,tutorial-clarity-basics
2025-11-30T07:52:09.431703+00:00,L-004,learner,micro-tutor-02,882,1,3,5,3.0,Clarity,tutorial-clarity-basics
2025-11-30T08:35:06.890845+00:00,L-035,learner,micro-tutor-01,466,3,1,5,3.0,Context,tutorial-grounding-techniques
2025-11-30T10:05:44.057435+00:00,L-047,learner,micro-tutor-05,1287,5,1,1,2.33,Context,tutorial-grounding-techniques
2025-11-30T10:41:25.751205+00:00,L-013,learner,micro-tutor-03,438,1,4,3,2.67,Clarity,tutorial-clarity-basics
2025-11-30T14:59:08.426820+00:00,L-001,learner,micro-tutor-03,305,1,4,5,3.33,Clarity,tutorial-clarity-basics
2025-11-30T17:15:04.480942+00:00,L-040,learner,micro-tutor-04,1498,4,3,2,3.0,Constraints,tutorial-prompt-constraints
2025-11-30T20:27:08.003507+00:00,L-042,learner,micro-tutor-05,1437,5,5,5,5.0,Clarity,tutorial-clarity-basics
2025-11-30T22:29:13.665276+00:00,L-032,learner,micro-tutor-03,1103,3,5,3,3.67,Clarity,tutorial-clarity-basics
2025-11-30T23:26:13.886373+00:00,L-026,learner,micro-tutor-02,146,4,5,4,4.33,Clarity,tutorial-clarity-basics
2025-11-30T23:33:50.428600+00:00,L-020,learner,micro-tutor-02,298,3,5,2,3.33,Constraints,tutorial-prompt-constraints
2025-12-01T04:25:02.352505+00:00,L-003,learner,micro-tutor-04,54,1,2,4,2.33,Clarity,tutorial-clarity-basics
2025-12-01T08:17:43.284787+00:00,L-004,learner,micro-tutor-03,1441,3,5,4,4.0,Clarity,tutorial-clarity-basics
2025-12-01T12:11:33.637629+00:00,L-045,learner,micro-tutor-03,1266,5,5,1,3.67,Constraints,tutorial-prompt-constraints
2025-12-01T18:31:45.681338+00:00,L-030,learner,micro-tutor-03,1262,1,5,2,2.67,Clarity,tutorial-clarity-basics
2025-12-01T19:44:22.736397+00:00,L-033,learner,micro-tutor-01,51,2,4,4,3.33,Clarity,tutorial-clarity-basics
2025-12-01T21:09:39.497821+00:00,L-039,learner,micro-tutor-01,1246,4,5,3,4.0,Constraints,tutorial-prompt-constraints
2025-12-01T21:31:28.110149+00:00,L-017,learner,micro-tutor-02,513,3,4,2,3.0,Constraints,tutorial-prompt-constraints
2025-12-02T03:23:18.648401+00:00,L-009,learner,micro-tutor-04,421,5,4,3,4.0,Constraints,tutorial-prompt-constraints
2025-12-02T03:29:52.592734+00:00,L-014,learner,micro-tutor-05,830,5,5,3,4.33,Constraints,tutorial-prompt-constraints
2025-12-02T06:11:09.234901+00:00,L-030,learner,micro-tutor-04,756,5,5,2,4.0,Constraints,tutorial-prompt-constraints
2025-12-02T08:35:35.571281+00:00,L-002,learner,micro-tutor-02,867,5,2,3,3.33,Context,tutorial-grounding-techniques
2025-12-02T10:49:15.977972+00:00,L-042,learner,micro-tutor-01,463,4,1,4,3.0,Context,tutorial-grounding-techniques
